{"ts":"2026-09-14T20:11:24.720852+00:00","event":"probe.install.complete","log_file":"H:\\EZScore\\data\\logs\\ezscore_perf.log"}
{"ts":"2026-09-14T20:11:24.721240+00:00","event":"midi.symbol.exported","exported":true}
{"ts":"2026-09-14T20:11:24.723973+00:00","event":"rerun.start"}
{"ts":"2026-09-14T20:11:26.420576+00:00","event":"persistence.list_song_catalog","section":"Répertoire","audio_hash":"41ea46f13ff4","duration_ms":6.788,"status":"ok","result_len":3}
{"ts":"2026-09-14T20:11:33.248781+00:00","event":"rerun.start","section":"Répertoire","audio_hash":"41ea46f13ff4"}
{"ts":"2026-09-14T20:11:33.516439+00:00","event":"rerun.start","section":"Compte","audio_hash":"41ea46f13ff4"}
{"ts":"2026-09-14T20:11:43.523760+00:00","event":"rerun.start","section":"Compte","audio_hash":"41ea46f13ff4"}
{"ts":"2026-09-14T20:11:44.129556+00:00","event":"rerun.start","section":"Répertoire","audio_hash":"41ea46f13ff4"}
{"ts":"2026-09-14T20:11:44.154370+00:00","event":"ui.download_button","section":"Répertoire","audio_hash":"41ea46f13ff4","duration_ms":4.457,"status":"ok"}
{"ts":"2026-09-14T20:11:44.278176+00:00","event":"persistence.list_song_catalog","section":"Répertoire","audio_hash":"41ea46f13ff4","duration_ms":12.695,"status":"ok","result_len":3}
{"ts":"2026-09-14T20:11:44.450087+00:00","event":"ui.image","section":"Répertoire","audio_hash":"41ea46f13ff4","duration_ms":60.136,"status":"ok"}
{"ts":"2026-09-14T20:11:44.515132+00:00","event":"ui.image","section":"Répertoire","audio_hash":"41ea46f13ff4","duration_ms":14.013,"status":"ok"}
{"ts":"2026-09-14T20:11:50.733226+00:00","event":"rerun.start","section":"Répertoire","audio_hash":"41ea46f13ff4"}
{"ts":"2026-09-14T20:11:50.757702+00:00","event":"ui.download_button","section":"Répertoire","audio_hash":"41ea46f13ff4","duration_ms":1.159,"status":"ok"}
{"ts":"2026-09-14T20:11:50.847575+00:00","event":"persistence.list_song_catalog","section":"Répertoire","audio_hash":"41ea46f13ff4","duration_ms":6.505,"status":"ok","result_len":3}
{"ts":"2026-09-14T20:11:50.979667+00:00","event":"ui.image","section":"Répertoire","audio_hash":"41ea46f13ff4","duration_ms":10.329,"status":"ok"}
{"ts":"2026-09-14T20:11:51.332406+00:00","event":"rerun.start","section":"Chanson","audio_hash":"41ea46f13ff4","view":"Paroles + accords","mode":"Vue"}
{"ts":"2026-09-14T20:11:51.365275+00:00","event":"ui.download_button","section":"Chanson","audio_hash":"41ea46f13ff4","view":"Paroles + accords","mode":"Vue","duration_ms":3.109,"status":"ok"}
{"ts":"2026-09-14T20:11:51.392517+00:00","event":"ui.image","section":"Chanson","audio_hash":"41ea46f13ff4","view":"Paroles + accords","mode":"Vue","duration_ms":4.345,"status":"ok"}
{"ts":"2026-09-14T20:11:51.453922+00:00","event":"ui.analysis_sidebar.load_latest","section":"Chanson","audio_hash":"41ea46f13ff4","view":"Paroles + accords","mode":"Vue","duration_ms":20.944,"status":"ok"}
{"ts":"2026-09-14T20:11:51.454766+00:00","event":"ui.analysis_sidebar.state","section":"Chanson","audio_hash":"41ea46f13ff4","view":"Paroles + accords","mode":"Vue","fresh_song":false,"edit_mode":false}
{"ts":"2026-09-14T20:11:51.494001+00:00","event":"persistence.list_song_catalog","section":"Chanson","audio_hash":"41ea46f13ff4","view":"Paroles + accords","mode":"Vue","duration_ms":2.052,"status":"ok","result_len":3}
{"ts":"2026-09-14T20:11:51.570216+00:00","event":"persistence.load_measure_edits","section":"Chanson","audio_hash":"41ea46f13ff4","view":"Paroles + accords","mode":"Vue","duration_ms":0.977,"status":"ok","result_len":0}
{"ts":"2026-09-14T20:11:51.624624+00:00","event":"persistence.load_lyric_block_edits","section":"Chanson","audio_hash":"41ea46f13ff4","view":"Paroles + accords","mode":"Vue","duration_ms":53.655,"status":"ok","result_len":6}
{"ts":"2026-09-14T20:11:51.626117+00:00","event":"persistence.load_structure_blocks","section":"Chanson","audio_hash":"41ea46f13ff4","view":"Paroles + accords","mode":"Vue","duration_ms":1.113,"status":"ok","result_len":9}
{"ts":"2026-09-14T20:11:51.649944+00:00","event":"persistence.load_persisted_analysis","section":"Chanson","audio_hash":"41ea46f13ff4","view":"Paroles + accords","mode":"Vue","duration_ms":0.939,"status":"ok"}
{"ts":"2026-09-14T20:11:51.665236+00:00","event":"persistence.load_latest_persisted_analysis","section":"Chanson","audio_hash":"41ea46f13ff4","view":"Paroles + accords","mode":"Vue","duration_ms":14.871,"status":"ok","result_len":5}
{"ts":"2026-09-14T20:11:51.669068+00:00","event":"persistence.load_measure_edits","section":"Chanson","audio_hash":"41ea46f13ff4","view":"Paroles + accords","mode":"Vue","duration_ms":1.501,"status":"ok","result_len":0}
{"ts":"2026-09-14T20:11:51.675049+00:00","event":"persistence.load_measure_edits","section":"Chanson","audio_hash":"41ea46f13ff4","view":"Paroles + accords","mode":"Vue","duration_ms":1.337,"status":"ok","result_len":0}
{"ts":"2026-09-14T20:11:51.726600+00:00","event":"persistence.load_lyric_block_edits","section":"Chanson","audio_hash":"41ea46f13ff4","view":"Paroles + accords","mode":"Vue","duration_ms":51.011,"status":"ok","result_len":6}
{"ts":"2026-09-14T20:12:12.359868+00:00","event":"rerun.start","section":"Chanson","audio_hash":"41ea46f13ff4","view":"Analyse","mode":"Vue"}
{"ts":"2026-09-14T20:12:15.799533+00:00","event":"ui.download_button","section":"Chanson","audio_hash":"41ea46f13ff4","view":"Analyse","mode":"Vue","duration_ms":17.229,"status":"ok"}
{"ts":"2026-09-14T20:12:16.194145+00:00","event":"ui.image","section":"Chanson","audio_hash":"41ea46f13ff4","view":"Analyse","mode":"Vue","duration_ms":0.845,"status":"ok"}
{"ts":"2026-09-14T20:12:19.470710+00:00","event":"ui.analysis_sidebar.load_latest","section":"Chanson","audio_hash":"41ea46f13ff4","view":"Analyse","mode":"Vue","duration_ms":292.652,"status":"ok"}
{"ts":"2026-09-14T20:12:19.486595+00:00","event":"ui.analysis_sidebar.state","section":"Chanson","audio_hash":"41ea46f13ff4","view":"Analyse","mode":"Vue","fresh_song":false,"edit_mode":false}
{"ts":"2026-09-14T20:12:22.772850+00:00","event":"persistence.list_song_catalog","section":"Chanson","audio_hash":"41ea46f13ff4","view":"Analyse","mode":"Vue","duration_ms":109.067,"status":"ok","result_len":3}
{"ts":"2026-09-14T20:12:27.805289+00:00","event":"persistence.load_measure_edits","section":"Chanson","audio_hash":"41ea46f13ff4","view":"Analyse","mode":"Vue","duration_ms":77.408,"status":"ok","result_len":0}
{"ts":"2026-09-14T20:12:28.990897+00:00","event":"persistence.load_lyric_block_edits","section":"Chanson","audio_hash":"41ea46f13ff4","view":"Analyse","mode":"Vue","duration_ms":1170.314,"status":"ok","result_len":6}
{"ts":"2026-09-14T20:12:29.231691+00:00","event":"persistence.load_structure_blocks","section":"Chanson","audio_hash":"41ea46f13ff4","view":"Analyse","mode":"Vue","duration_ms":211.607,"status":"ok","result_len":9}
{"ts":"2026-09-14T20:12:29.536321+00:00","event":"persistence.load_persisted_analysis","section":"Chanson","audio_hash":"41ea46f13ff4","view":"Analyse","mode":"Vue","duration_ms":58.333,"status":"ok"}
{"ts":"2026-09-14T20:12:29.724215+00:00","event":"persistence.load_latest_persisted_analysis","section":"Chanson","audio_hash":"41ea46f13ff4","view":"Analyse","mode":"Vue","duration_ms":156.566,"status":"ok","result_len":5}
{"ts":"2026-09-14T20:12:29.895153+00:00","event":"persistence.load_measure_edits","section":"Chanson","audio_hash":"41ea46f13ff4","view":"Analyse","mode":"Vue","duration_ms":62.275,"status":"ok","result_len":0}
{"ts":"2026-09-14T20:12:30.020110+00:00","event":"persistence.load_measure_edits","section":"Chanson","audio_hash":"41ea46f13ff4","view":"Analyse","mode":"Vue","duration_ms":74.753,"status":"ok","result_len":0}
{"ts":"2026-09-14T20:12:31.463256+00:00","event":"persistence.load_lyric_block_edits","section":"Chanson","audio_hash":"41ea46f13ff4","view":"Analyse","mode":"Vue","duration_ms":1382.653,"status":"ok","result_len":6}
{"ts":"2026-09-14T20:13:31.207935+00:00","event":"transcription.detecter_sections_structurelles","section":"Chanson","audio_hash":"41ea46f13ff4","view":"Analyse","mode":"Vue","duration_ms":55606.719,"status":"ok","result_len":12}
{"ts":"2026-09-14T20:13:31.210552+00:00","event":"persistence.load_structure_blocks","section":"Chanson","audio_hash":"41ea46f13ff4","view":"Analyse","mode":"Vue","duration_ms":1.725,"status":"ok","result_len":9}
{"ts":"2026-09-14T20:13:31.212522+00:00","event":"persistence.materialiser_structure_blocks","section":"Chanson","audio_hash":"41ea46f13ff4","view":"Analyse","mode":"Vue","duration_ms":0.927,"status":"ok","result_len":9}
{"ts":"2026-09-14T20:13:31.249666+00:00","event":"persistence.load_lyric_block_edits","section":"Chanson","audio_hash":"41ea46f13ff4","view":"Analyse","mode":"Vue","duration_ms":36.528,"status":"ok","result_len":6}
{"ts":"2026-09-14T20:13:31.255086+00:00","event":"persistence.effective_lyrics_words_for_sections","section":"Chanson","audio_hash":"41ea46f13ff4","view":"Analyse","mode":"Vue","duration_ms":41.935,"status":"ok","result_len":308}
{"ts":"2026-09-14T20:13:31.259655+00:00","event":"timeline.chord_regions","section":"Chanson","audio_hash":"41ea46f13ff4","view":"Analyse","mode":"Vue","duration_ms":0.8,"status":"ok","result_len":87}
{"ts":"2026-09-14T20:13:35.681359+00:00","event":"timeline.waveform_preview_cache","section":"Chanson","audio_hash":"41ea46f13ff4","view":"Analyse","mode":"Vue","duration_ms":4421.132,"status":"ok","waveform_points":1400}
{"ts":"2026-09-14T20:13:35.682122+00:00","event":"timeline.chord_regions","section":"Chanson","audio_hash":"41ea46f13ff4","view":"Analyse","mode":"Vue","duration_ms":0.375,"status":"ok","result_len":87}
{"ts":"2026-09-14T20:13:35.804737+00:00","event":"timeline.render.summary","section":"Chanson","audio_hash":"41ea46f13ff4","view":"Analyse","mode":"Vue","beats":523,"regions":87,"waveform_points":1400,"plotly_traces":4}
{"ts":"2026-09-14T20:13:35.805029+00:00","event":"timeline.create_harmonic_timeline","section":"Chanson","audio_hash":"41ea46f13ff4","view":"Analyse","mode":"Vue","duration_ms":4544.82,"status":"ok","plotly_traces":4}
{"ts":"2026-09-14T20:13:35.818348+00:00","event":"ui.plotly_chart","section":"Chanson","audio_hash":"41ea46f13ff4","view":"Analyse","mode":"Vue","duration_ms":12.963,"status":"ok","plotly_traces":4}
{"ts":"2026-09-14T20:13:35.842321+00:00","event":"ui.download_button","section":"Chanson","audio_hash":"41ea46f13ff4","view":"Analyse","mode":"Vue","duration_ms":0.986,"status":"ok"}
{"ts":"2026-09-14T20:13:35.844500+00:00","event":"transcription.extraire_mots","section":"Chanson","audio_hash":"41ea46f13ff4","view":"Analyse","mode":"Vue","duration_ms":0.469,"status":"ok","result_len":314}
{"ts":"2026-09-14T20:13:35.852677+00:00","event":"transcription.construire_timeline_phonetique","section":"Chanson","audio_hash":"41ea46f13ff4","view":"Analyse","mode":"Vue","duration_ms":8.651,"status":"ok","result_len":314}
{"ts":"2026-09-14T20:13:35.854402+00:00","event":"transcription.construire_groupes_phonetiques","section":"Chanson","audio_hash":"41ea46f13ff4","view":"Analyse","mode":"Vue","duration_ms":0.538,"status":"ok","result_len":293}
{"ts":"2026-09-14T20:13:35.873776+00:00","event":"ui.dataframe","section":"Chanson","audio_hash":"41ea46f13ff4","view":"Analyse","mode":"Vue","duration_ms":6.6,"status":"ok","rows":24}
{"ts":"2026-09-14T20:13:35.893255+00:00","event":"persistence.load_measure_edits","section":"Chanson","audio_hash":"41ea46f13ff4","view":"Analyse","mode":"Vue","duration_ms":2.419,"status":"ok","result_len":0}
{"ts":"2026-09-14T20:27:34.519613+00:00","event":"probe.install.complete","log_file":"H:\\EZScore\\data\\logs\\ezscore_perf.log"}
{"ts":"2026-09-14T20:27:34.521105+00:00","event":"midi.symbol.exported","exported":true}
{"ts":"2026-09-14T20:27:34.523001+00:00","event":"rerun.start"}
{"ts":"2026-09-14T20:27:36.101698+00:00","event":"persistence.list_song_catalog","section":"Répertoire","audio_hash":"41ea46f13ff4","duration_ms":6.406,"status":"ok","result_len":3}
{"ts":"2026-09-14T20:27:41.948554+00:00","event":"rerun.start","section":"Répertoire","audio_hash":"41ea46f13ff4"}
{"ts":"2026-09-14T20:27:42.163415+00:00","event":"rerun.start","section":"Compte","audio_hash":"41ea46f13ff4"}
{"ts":"2026-09-14T20:28:13.765986+00:00","event":"rerun.start","section":"Compte","audio_hash":"41ea46f13ff4"}
{"ts":"2026-09-14T20:28:14.271063+00:00","event":"rerun.start","section":"Répertoire","audio_hash":"41ea46f13ff4"}
{"ts":"2026-09-14T20:28:14.295393+00:00","event":"ui.download_button","section":"Répertoire","audio_hash":"41ea46f13ff4","duration_ms":1.158,"status":"ok"}
{"ts":"2026-09-14T20:28:14.384758+00:00","event":"persistence.list_song_catalog","section":"Répertoire","audio_hash":"41ea46f13ff4","duration_ms":8.924,"status":"ok","result_len":3}
{"ts":"2026-09-14T20:28:14.688331+00:00","event":"ui.image","section":"Répertoire","audio_hash":"41ea46f13ff4","duration_ms":136.48,"status":"ok"}
{"ts":"2026-09-14T20:28:14.879665+00:00","event":"ui.image","section":"Répertoire","audio_hash":"41ea46f13ff4","duration_ms":16.338,"status":"ok"}
{"ts":"2026-09-14T20:28:21.931407+00:00","event":"rerun.start","section":"Répertoire","audio_hash":"41ea46f13ff4"}
{"ts":"2026-09-14T20:28:21.955531+00:00","event":"ui.download_button","section":"Répertoire","audio_hash":"41ea46f13ff4","duration_ms":1.429,"status":"ok"}
{"ts":"2026-09-14T20:28:22.036334+00:00","event":"persistence.list_song_catalog","section":"Répertoire","audio_hash":"41ea46f13ff4","duration_ms":8.45,"status":"ok","result_len":3}
{"ts":"2026-09-14T20:28:22.228878+00:00","event":"ui.image","section":"Répertoire","audio_hash":"41ea46f13ff4","duration_ms":32.116,"status":"ok"}
{"ts":"2026-09-14T20:28:22.994440+00:00","event":"rerun.start","section":"Chanson","audio_hash":"41ea46f13ff4","view":"Paroles + accords","mode":"Vue"}
{"ts":"2026-09-14T20:28:23.108796+00:00","event":"ui.download_button","section":"Chanson","audio_hash":"41ea46f13ff4","view":"Paroles + accords","mode":"Vue","duration_ms":3.864,"status":"ok"}
{"ts":"2026-09-14T20:28:23.165395+00:00","event":"ui.image","section":"Chanson","audio_hash":"41ea46f13ff4","view":"Paroles + accords","mode":"Vue","duration_ms":7.677,"status":"ok"}
{"ts":"2026-09-14T20:28:23.353068+00:00","event":"ui.analysis_sidebar.load_latest","section":"Chanson","audio_hash":"41ea46f13ff4","view":"Paroles + accords","mode":"Vue","duration_ms":50.811,"status":"ok"}
{"ts":"2026-09-14T20:28:23.354872+00:00","event":"ui.analysis_sidebar.state","section":"Chanson","audio_hash":"41ea46f13ff4","view":"Paroles + accords","mode":"Vue","fresh_song":false,"edit_mode":false}
{"ts":"2026-09-14T20:28:23.503226+00:00","event":"persistence.list_song_catalog","section":"Chanson","audio_hash":"41ea46f13ff4","view":"Paroles + accords","mode":"Vue","duration_ms":5.195,"status":"ok","result_len":3}
{"ts":"2026-09-14T20:28:23.655581+00:00","event":"persistence.load_measure_edits","section":"Chanson","audio_hash":"41ea46f13ff4","view":"Paroles + accords","mode":"Vue","duration_ms":6.994,"status":"ok","result_len":0}
{"ts":"2026-09-14T20:28:23.756151+00:00","event":"persistence.load_lyric_block_edits","section":"Chanson","audio_hash":"41ea46f13ff4","view":"Paroles + accords","mode":"Vue","duration_ms":99.357,"status":"ok","result_len":6}
{"ts":"2026-09-14T20:28:23.761484+00:00","event":"persistence.load_structure_blocks","section":"Chanson","audio_hash":"41ea46f13ff4","view":"Paroles + accords","mode":"Vue","duration_ms":4.523,"status":"ok","result_len":9}
{"ts":"2026-09-14T20:28:23.824669+00:00","event":"persistence.load_persisted_analysis","section":"Chanson","audio_hash":"41ea46f13ff4","view":"Paroles + accords","mode":"Vue","duration_ms":3.704,"status":"ok"}
{"ts":"2026-09-14T20:28:23.891160+00:00","event":"persistence.load_latest_persisted_analysis","section":"Chanson","audio_hash":"41ea46f13ff4","view":"Paroles + accords","mode":"Vue","duration_ms":65.682,"status":"ok","result_len":5}
{"ts":"2026-09-14T20:28:23.905130+00:00","event":"persistence.load_measure_edits","section":"Chanson","audio_hash":"41ea46f13ff4","view":"Paroles + accords","mode":"Vue","duration_ms":6.156,"status":"ok","result_len":0}
{"ts":"2026-09-14T20:28:23.923873+00:00","event":"persistence.load_measure_edits","section":"Chanson","audio_hash":"41ea46f13ff4","view":"Paroles + accords","mode":"Vue","duration_ms":7.038,"status":"ok","result_len":0}
{"ts":"2026-09-14T20:28:24.062996+00:00","event":"persistence.load_lyric_block_edits","section":"Chanson","audio_hash":"41ea46f13ff4","view":"Paroles + accords","mode":"Vue","duration_ms":137.603,"status":"ok","result_len":6}
{"ts":"2026-09-14T20:28:24.328308+00:00","event":"persistence.load_structure_blocks","section":"Chanson","audio_hash":"41ea46f13ff4","view":"Paroles + accords","mode":"Vue","duration_ms":5.051,"status":"ok","result_len":9}
{"ts":"2026-09-14T20:28:24.329845+00:00","event":"transcription.extraire_mots","section":"Chanson","audio_hash":"41ea46f13ff4","view":"Paroles + accords","mode":"Vue","duration_ms":0.831,"status":"ok","result_len":314}
{"ts":"2026-09-14T20:28:24.334662+00:00","event":"structure.persisted.reuse","section":"Chanson","audio_hash":"41ea46f13ff4","view":"Paroles + accords","mode":"Vue","blocks":9,"measures":175,"threshold":0.66}
{"ts":"2026-09-14T20:28:24.340354+00:00","event":"persistence.load_structure_blocks","section":"Chanson","audio_hash":"41ea46f13ff4","view":"Paroles + accords","mode":"Vue","duration_ms":3.759,"status":"ok","result_len":9}
{"ts":"2026-09-14T20:28:24.342817+00:00","event":"persistence.materialiser_structure_blocks","section":"Chanson","audio_hash":"41ea46f13ff4","view":"Paroles + accords","mode":"Vue","duration_ms":0.71,"status":"ok","result_len":9}
{"ts":"2026-09-14T20:28:24.507084+00:00","event":"persistence.load_lyric_block_edits","section":"Chanson","audio_hash":"41ea46f13ff4","view":"Paroles + accords","mode":"Vue","duration_ms":162.622,"status":"ok","result_len":6}
{"ts":"2026-09-14T20:28:24.546035+00:00","event":"persistence.effective_lyrics_words_for_sections","section":"Chanson","audio_hash":"41ea46f13ff4","view":"Paroles + accords","mode":"Vue","duration_ms":201.561,"status":"ok","result_len":308}
{"ts":"2026-09-14T20:28:25.580202+00:00","event":"persistence.load_lyric_block_edits","section":"Chanson","audio_hash":"41ea46f13ff4","view":"Paroles + accords","mode":"Vue","duration_ms":227.628,"status":"ok","result_len":6}
{"ts":"2026-09-14T20:28:34.297519+00:00","event":"rerun.start","section":"Chanson","audio_hash":"41ea46f13ff4","view":"Analyse","mode":"Vue"}
{"ts":"2026-09-14T20:28:34.323873+00:00","event":"ui.download_button","section":"Chanson","audio_hash":"41ea46f13ff4","view":"Analyse","mode":"Vue","duration_ms":2.141,"status":"ok"}
{"ts":"2026-09-14T20:28:34.334869+00:00","event":"ui.image","section":"Chanson","audio_hash":"41ea46f13ff4","view":"Analyse","mode":"Vue","duration_ms":0.877,"status":"ok"}
{"ts":"2026-09-14T20:28:34.368502+00:00","event":"ui.analysis_sidebar.load_latest","section":"Chanson","audio_hash":"41ea46f13ff4","view":"Analyse","mode":"Vue","duration_ms":11.203,"status":"ok"}
{"ts":"2026-09-14T20:28:34.368931+00:00","event":"ui.analysis_sidebar.state","section":"Chanson","audio_hash":"41ea46f13ff4","view":"Analyse","mode":"Vue","fresh_song":false,"edit_mode":false}
{"ts":"2026-09-14T20:28:34.397193+00:00","event":"persistence.list_song_catalog","section":"Chanson","audio_hash":"41ea46f13ff4","view":"Analyse","mode":"Vue","duration_ms":0.882,"status":"ok","result_len":3}
{"ts":"2026-09-14T20:28:34.520336+00:00","event":"persistence.load_measure_edits","section":"Chanson","audio_hash":"41ea46f13ff4","view":"Analyse","mode":"Vue","duration_ms":1.798,"status":"ok","result_len":0}
{"ts":"2026-09-14T20:28:34.675067+00:00","event":"persistence.load_lyric_block_edits","section":"Chanson","audio_hash":"41ea46f13ff4","view":"Analyse","mode":"Vue","duration_ms":154.085,"status":"ok","result_len":6}
{"ts":"2026-09-14T20:28:34.683101+00:00","event":"persistence.load_structure_blocks","section":"Chanson","audio_hash":"41ea46f13ff4","view":"Analyse","mode":"Vue","duration_ms":6.207,"status":"ok","result_len":9}
{"ts":"2026-09-14T20:28:34.739753+00:00","event":"persistence.load_persisted_analysis","section":"Chanson","audio_hash":"41ea46f13ff4","view":"Analyse","mode":"Vue","duration_ms":1.615,"status":"ok"}
{"ts":"2026-09-14T20:28:34.754636+00:00","event":"persistence.load_latest_persisted_analysis","section":"Chanson","audio_hash":"41ea46f13ff4","view":"Analyse","mode":"Vue","duration_ms":13.792,"status":"ok","result_len":5}
{"ts":"2026-09-14T20:28:34.761898+00:00","event":"persistence.load_measure_edits","section":"Chanson","audio_hash":"41ea46f13ff4","view":"Analyse","mode":"Vue","duration_ms":1.086,"status":"ok","result_len":0}
{"ts":"2026-09-14T20:28:34.765195+00:00","event":"persistence.load_measure_edits","section":"Chanson","audio_hash":"41ea46f13ff4","view":"Analyse","mode":"Vue","duration_ms":1.406,"status":"ok","result_len":0}
{"ts":"2026-09-14T20:28:34.838498+00:00","event":"persistence.load_lyric_block_edits","section":"Chanson","audio_hash":"41ea46f13ff4","view":"Analyse","mode":"Vue","duration_ms":72.701,"status":"ok","result_len":6}
{"ts":"2026-09-14T20:28:34.931666+00:00","event":"persistence.load_structure_blocks","section":"Chanson","audio_hash":"41ea46f13ff4","view":"Analyse","mode":"Vue","duration_ms":1.253,"status":"ok","result_len":9}
{"ts":"2026-09-14T20:28:34.932589+00:00","event":"transcription.extraire_mots","section":"Chanson","audio_hash":"41ea46f13ff4","view":"Analyse","mode":"Vue","duration_ms":0.592,"status":"ok","result_len":314}
{"ts":"2026-09-14T20:28:34.933157+00:00","event":"structure.persisted.reuse","section":"Chanson","audio_hash":"41ea46f13ff4","view":"Analyse","mode":"Vue","blocks":9,"measures":175,"threshold":0.66}
{"ts":"2026-09-14T20:28:34.935731+00:00","event":"persistence.load_structure_blocks","section":"Chanson","audio_hash":"41ea46f13ff4","view":"Analyse","mode":"Vue","duration_ms":1.902,"status":"ok","result_len":9}
{"ts":"2026-09-14T20:28:34.937301+00:00","event":"persistence.materialiser_structure_blocks","section":"Chanson","audio_hash":"41ea46f13ff4","view":"Analyse","mode":"Vue","duration_ms":0.819,"status":"ok","result_len":9}
{"ts":"2026-09-14T20:28:35.069480+00:00","event":"persistence.load_lyric_block_edits","section":"Chanson","audio_hash":"41ea46f13ff4","view":"Analyse","mode":"Vue","duration_ms":131.373,"status":"ok","result_len":6}
{"ts":"2026-09-14T20:28:35.122246+00:00","event":"persistence.effective_lyrics_words_for_sections","section":"Chanson","audio_hash":"41ea46f13ff4","view":"Analyse","mode":"Vue","duration_ms":184.167,"status":"ok","result_len":308}
{"ts":"2026-09-14T20:28:35.137196+00:00","event":"timeline.chord_regions","section":"Chanson","audio_hash":"41ea46f13ff4","view":"Analyse","mode":"Vue","duration_ms":0.495,"status":"ok","result_len":87}
{"ts":"2026-09-14T20:28:41.235509+00:00","event":"timeline.waveform_preview_cache","section":"Chanson","audio_hash":"41ea46f13ff4","view":"Analyse","mode":"Vue","duration_ms":6097.328,"status":"ok","waveform_points":1400}
{"ts":"2026-09-14T20:28:41.236601+00:00","event":"timeline.chord_regions","section":"Chanson","audio_hash":"41ea46f13ff4","view":"Analyse","mode":"Vue","duration_ms":0.602,"status":"ok","result_len":87}
{"ts":"2026-09-14T20:28:41.366817+00:00","event":"timeline.render.summary","section":"Chanson","audio_hash":"41ea46f13ff4","view":"Analyse","mode":"Vue","beats":523,"regions":87,"waveform_points":1400,"plotly_traces":4}
{"ts":"2026-09-14T20:28:41.367335+00:00","event":"timeline.create_harmonic_timeline","section":"Chanson","audio_hash":"41ea46f13ff4","view":"Analyse","mode":"Vue","duration_ms":6229.166,"status":"ok","plotly_traces":4}
{"ts":"2026-09-14T20:28:41.381148+00:00","event":"ui.plotly_chart","section":"Chanson","audio_hash":"41ea46f13ff4","view":"Analyse","mode":"Vue","duration_ms":13.217,"status":"ok","plotly_traces":4}
{"ts":"2026-09-14T20:28:41.405487+00:00","event":"persistence.list_song_catalog","section":"Chanson","audio_hash":"41ea46f13ff4","view":"Analyse","mode":"Vue","duration_ms":1.588,"status":"ok","result_len":3}
{"ts":"2026-09-14T20:28:41.430511+00:00","event":"analysis.player.build_events","section":"Chanson","audio_hash":"41ea46f13ff4","view":"Analyse","mode":"Vue","duration_ms":14.6,"status":"ok","beats":523}
{"ts":"2026-09-14T20:28:41.712871+00:00","event":"analysis.player.render","section":"Chanson","audio_hash":"41ea46f13ff4","view":"Analyse","mode":"Vue","duration_ms":280.605,"status":"ok","events":3139,"audio_bytes":5889629}
{"ts":"2026-09-14T20:28:41.733484+00:00","event":"midi.build_midi_file.bridge","section":"Chanson","audio_hash":"41ea46f13ff4","view":"Analyse","mode":"Vue","duration_ms":350.898,"bytes":13651}
{"ts":"2026-09-14T20:28:41.747767+00:00","event":"ui.download_button","section":"Chanson","audio_hash":"41ea46f13ff4","view":"Analyse","mode":"Vue","duration_ms":0.993,"status":"ok"}
{"ts":"2026-09-14T20:28:41.751513+00:00","event":"transcription.extraire_mots","section":"Chanson","audio_hash":"41ea46f13ff4","view":"Analyse","mode":"Vue","duration_ms":0.442,"status":"ok","result_len":314}
{"ts":"2026-09-14T20:28:41.758550+00:00","event":"transcription.construire_timeline_phonetique","section":"Chanson","audio_hash":"41ea46f13ff4","view":"Analyse","mode":"Vue","duration_ms":7.482,"status":"ok","result_len":314}
{"ts":"2026-09-14T20:28:41.762851+00:00","event":"transcription.construire_groupes_phonetiques","section":"Chanson","audio_hash":"41ea46f13ff4","view":"Analyse","mode":"Vue","duration_ms":0.984,"status":"ok","result_len":293}
{"ts":"2026-09-14T20:28:41.776363+00:00","event":"ui.dataframe","section":"Chanson","audio_hash":"41ea46f13ff4","view":"Analyse","mode":"Vue","duration_ms":4.13,"status":"ok","rows":24}
{"ts":"2026-09-14T20:28:41.789285+00:00","event":"persistence.load_measure_edits","section":"Chanson","audio_hash":"41ea46f13ff4","view":"Analyse","mode":"Vue","duration_ms":1.52,"status":"ok","result_len":0}
{"ts":"2026-09-14T20:36:30.817017+00:00","event":"probe.install.complete","log_file":"H:\\EZScore\\data\\logs\\ezscore_perf.log"}
{"ts":"2026-09-14T20:36:30.818433+00:00","event":"midi.symbol.exported","exported":true}
{"ts":"2026-09-14T20:36:30.821198+00:00","event":"rerun.start"}
{"ts":"2026-09-14T20:36:32.338515+00:00","event":"persistence.list_song_catalog","section":"Répertoire","audio_hash":"41ea46f13ff4","duration_ms":5.792,"status":"ok","result_len":3}
{"ts":"2026-09-14T20:36:43.574119+00:00","event":"rerun.start","section":"Répertoire","audio_hash":"41ea46f13ff4"}
{"ts":"2026-09-14T20:36:43.860585+00:00","event":"rerun.start","section":"Compte","audio_hash":"41ea46f13ff4"}
{"ts":"2026-09-14T20:36:53.764374+00:00","event":"rerun.start","section":"Compte","audio_hash":"41ea46f13ff4"}
{"ts":"2026-09-14T20:36:54.328525+00:00","event":"rerun.start","section":"Répertoire","audio_hash":"41ea46f13ff4"}
{"ts":"2026-09-14T20:36:54.357386+00:00","event":"ui.download_button","section":"Répertoire","audio_hash":"41ea46f13ff4","duration_ms":1.475,"status":"ok"}
{"ts":"2026-09-14T20:36:54.460942+00:00","event":"persistence.list_song_catalog","section":"Répertoire","audio_hash":"41ea46f13ff4","duration_ms":8.816,"status":"ok","result_len":3}
{"ts":"2026-09-14T20:36:54.829721+00:00","event":"ui.image","section":"Répertoire","audio_hash":"41ea46f13ff4","duration_ms":187.281,"status":"ok"}
{"ts":"2026-09-14T20:36:54.938740+00:00","event":"ui.image","section":"Répertoire","audio_hash":"41ea46f13ff4","duration_ms":12.635,"status":"ok"}
{"ts":"2026-09-14T20:37:07.283715+00:00","event":"rerun.start","section":"Répertoire","audio_hash":"41ea46f13ff4"}
{"ts":"2026-09-14T20:37:07.310294+00:00","event":"ui.download_button","section":"Répertoire","audio_hash":"41ea46f13ff4","duration_ms":1.24,"status":"ok"}
{"ts":"2026-09-14T20:37:07.377150+00:00","event":"persistence.list_song_catalog","section":"Répertoire","audio_hash":"41ea46f13ff4","duration_ms":6.457,"status":"ok","result_len":3}
{"ts":"2026-09-14T20:37:07.540720+00:00","event":"ui.image","section":"Répertoire","audio_hash":"41ea46f13ff4","duration_ms":22.041,"status":"ok"}
{"ts":"2026-09-14T20:37:07.942589+00:00","event":"rerun.start","section":"Chanson","audio_hash":"41ea46f13ff4","view":"Paroles + accords","mode":"Vue"}
{"ts":"2026-09-14T20:37:07.986954+00:00","event":"ui.download_button","section":"Chanson","audio_hash":"41ea46f13ff4","view":"Paroles + accords","mode":"Vue","duration_ms":3.986,"status":"ok"}
{"ts":"2026-09-14T20:37:08.003488+00:00","event":"ui.image","section":"Chanson","audio_hash":"41ea46f13ff4","view":"Paroles + accords","mode":"Vue","duration_ms":1.192,"status":"ok"}
{"ts":"2026-09-14T20:37:08.053834+00:00","event":"ui.analysis_sidebar.load_latest","section":"Chanson","audio_hash":"41ea46f13ff4","view":"Paroles + accords","mode":"Vue","duration_ms":16.466,"status":"ok"}
{"ts":"2026-09-14T20:37:08.054862+00:00","event":"ui.analysis_sidebar.state","section":"Chanson","audio_hash":"41ea46f13ff4","view":"Paroles + accords","mode":"Vue","fresh_song":false,"edit_mode":false}
{"ts":"2026-09-14T20:37:08.096654+00:00","event":"persistence.list_song_catalog","section":"Chanson","audio_hash":"41ea46f13ff4","view":"Paroles + accords","mode":"Vue","duration_ms":1.614,"status":"ok","result_len":3}
{"ts":"2026-09-14T20:37:08.249708+00:00","event":"persistence.load_measure_edits","section":"Chanson","audio_hash":"41ea46f13ff4","view":"Paroles + accords","mode":"Vue","duration_ms":8.54,"status":"ok","result_len":0}
{"ts":"2026-09-14T20:37:08.381643+00:00","event":"persistence.load_lyric_block_edits","section":"Chanson","audio_hash":"41ea46f13ff4","view":"Paroles + accords","mode":"Vue","duration_ms":129.218,"status":"ok","result_len":6}
{"ts":"2026-09-14T20:37:08.387578+00:00","event":"persistence.load_structure_blocks","section":"Chanson","audio_hash":"41ea46f13ff4","view":"Paroles + accords","mode":"Vue","duration_ms":4.408,"status":"ok","result_len":9}
{"ts":"2026-09-14T20:37:08.431100+00:00","event":"persistence.load_persisted_analysis","section":"Chanson","audio_hash":"41ea46f13ff4","view":"Paroles + accords","mode":"Vue","duration_ms":1.583,"status":"ok"}
{"ts":"2026-09-14T20:37:08.455519+00:00","event":"persistence.load_latest_persisted_analysis","section":"Chanson","audio_hash":"41ea46f13ff4","view":"Paroles + accords","mode":"Vue","duration_ms":23.515,"status":"ok","result_len":5}
{"ts":"2026-09-14T20:37:08.462498+00:00","event":"persistence.load_measure_edits","section":"Chanson","audio_hash":"41ea46f13ff4","view":"Paroles + accords","mode":"Vue","duration_ms":1.002,"status":"ok","result_len":0}
{"ts":"2026-09-14T20:37:08.472255+00:00","event":"persistence.load_measure_edits","section":"Chanson","audio_hash":"41ea46f13ff4","view":"Paroles + accords","mode":"Vue","duration_ms":2.062,"status":"ok","result_len":0}
{"ts":"2026-09-14T20:37:08.532210+00:00","event":"persistence.load_lyric_block_edits","section":"Chanson","audio_hash":"41ea46f13ff4","view":"Paroles + accords","mode":"Vue","duration_ms":56.407,"status":"ok","result_len":6}
{"ts":"2026-09-14T20:37:08.870680+00:00","event":"persistence.load_structure_blocks","section":"Chanson","audio_hash":"41ea46f13ff4","view":"Paroles + accords","mode":"Vue","duration_ms":4.288,"status":"ok","result_len":9}
{"ts":"2026-09-14T20:37:08.871789+00:00","event":"transcription.extraire_mots","section":"Chanson","audio_hash":"41ea46f13ff4","view":"Paroles + accords","mode":"Vue","duration_ms":0.627,"status":"ok","result_len":314}
{"ts":"2026-09-14T20:37:08.873816+00:00","event":"structure.persisted.reuse","section":"Chanson","audio_hash":"41ea46f13ff4","view":"Paroles + accords","mode":"Vue","blocks":9,"measures":175,"threshold":0.66}
{"ts":"2026-09-14T20:37:08.879403+00:00","event":"persistence.load_structure_blocks","section":"Chanson","audio_hash":"41ea46f13ff4","view":"Paroles + accords","mode":"Vue","duration_ms":2.974,"status":"ok","result_len":9}
{"ts":"2026-09-14T20:37:08.881726+00:00","event":"persistence.materialiser_structure_blocks","section":"Chanson","audio_hash":"41ea46f13ff4","view":"Paroles + accords","mode":"Vue","duration_ms":1.22,"status":"ok","result_len":9}
{"ts":"2026-09-14T20:37:09.038892+00:00","event":"persistence.load_lyric_block_edits","section":"Chanson","audio_hash":"41ea46f13ff4","view":"Paroles + accords","mode":"Vue","duration_ms":154.197,"status":"ok","result_len":6}
{"ts":"2026-09-14T20:37:09.097409+00:00","event":"persistence.effective_lyrics_words_for_sections","section":"Chanson","audio_hash":"41ea46f13ff4","view":"Paroles + accords","mode":"Vue","duration_ms":212.711,"status":"ok","result_len":308}
{"ts":"2026-09-14T20:37:10.186181+00:00","event":"persistence.load_lyric_block_edits","section":"Chanson","audio_hash":"41ea46f13ff4","view":"Paroles + accords","mode":"Vue","duration_ms":134.25,"status":"ok","result_len":6}
{"ts":"2026-09-14T20:37:12.054740+00:00","event":"rerun.start","section":"Chanson","audio_hash":"41ea46f13ff4","view":"Analyse","mode":"Vue"}
{"ts":"2026-09-14T20:37:12.080276+00:00","event":"ui.download_button","section":"Chanson","audio_hash":"41ea46f13ff4","view":"Analyse","mode":"Vue","duration_ms":1.038,"status":"ok"}
{"ts":"2026-09-14T20:37:12.087965+00:00","event":"ui.image","section":"Chanson","audio_hash":"41ea46f13ff4","view":"Analyse","mode":"Vue","duration_ms":0.473,"status":"ok"}
{"ts":"2026-09-14T20:37:12.116986+00:00","event":"ui.analysis_sidebar.load_latest","section":"Chanson","audio_hash":"41ea46f13ff4","view":"Analyse","mode":"Vue","duration_ms":10.492,"status":"ok"}
{"ts":"2026-09-14T20:37:12.117546+00:00","event":"ui.analysis_sidebar.state","section":"Chanson","audio_hash":"41ea46f13ff4","view":"Analyse","mode":"Vue","fresh_song":false,"edit_mode":false}
{"ts":"2026-09-14T20:37:12.144647+00:00","event":"persistence.list_song_catalog","section":"Chanson","audio_hash":"41ea46f13ff4","view":"Analyse","mode":"Vue","duration_ms":0.893,"status":"ok","result_len":3}
{"ts":"2026-09-14T20:37:12.253601+00:00","event":"persistence.load_measure_edits","section":"Chanson","audio_hash":"41ea46f13ff4","view":"Analyse","mode":"Vue","duration_ms":1.861,"status":"ok","result_len":0}
{"ts":"2026-09-14T20:37:12.406499+00:00","event":"persistence.load_lyric_block_edits","section":"Chanson","audio_hash":"41ea46f13ff4","view":"Analyse","mode":"Vue","duration_ms":152.369,"status":"ok","result_len":6}
{"ts":"2026-09-14T20:37:12.415384+00:00","event":"persistence.load_structure_blocks","section":"Chanson","audio_hash":"41ea46f13ff4","view":"Analyse","mode":"Vue","duration_ms":6.744,"status":"ok","result_len":9}
{"ts":"2026-09-14T20:37:12.472306+00:00","event":"persistence.load_persisted_analysis","section":"Chanson","audio_hash":"41ea46f13ff4","view":"Analyse","mode":"Vue","duration_ms":1.65,"status":"ok"}
{"ts":"2026-09-14T20:37:12.491153+00:00","event":"persistence.load_latest_persisted_analysis","section":"Chanson","audio_hash":"41ea46f13ff4","view":"Analyse","mode":"Vue","duration_ms":17.996,"status":"ok","result_len":5}
{"ts":"2026-09-14T20:37:12.495918+00:00","event":"persistence.load_measure_edits","section":"Chanson","audio_hash":"41ea46f13ff4","view":"Analyse","mode":"Vue","duration_ms":0.988,"status":"ok","result_len":0}
{"ts":"2026-09-14T20:37:12.499718+00:00","event":"persistence.load_measure_edits","section":"Chanson","audio_hash":"41ea46f13ff4","view":"Analyse","mode":"Vue","duration_ms":1.264,"status":"ok","result_len":0}
{"ts":"2026-09-14T20:37:12.571290+00:00","event":"persistence.load_lyric_block_edits","section":"Chanson","audio_hash":"41ea46f13ff4","view":"Analyse","mode":"Vue","duration_ms":71.121,"status":"ok","result_len":6}
{"ts":"2026-09-14T20:37:12.672341+00:00","event":"persistence.load_structure_blocks","section":"Chanson","audio_hash":"41ea46f13ff4","view":"Analyse","mode":"Vue","duration_ms":1.973,"status":"ok","result_len":9}
{"ts":"2026-09-14T20:37:12.673801+00:00","event":"transcription.extraire_mots","section":"Chanson","audio_hash":"41ea46f13ff4","view":"Analyse","mode":"Vue","duration_ms":0.738,"status":"ok","result_len":314}
{"ts":"2026-09-14T20:37:12.675031+00:00","event":"structure.persisted.reuse","section":"Chanson","audio_hash":"41ea46f13ff4","view":"Analyse","mode":"Vue","blocks":9,"measures":175,"threshold":0.66}
{"ts":"2026-09-14T20:37:12.679340+00:00","event":"persistence.load_structure_blocks","section":"Chanson","audio_hash":"41ea46f13ff4","view":"Analyse","mode":"Vue","duration_ms":2.579,"status":"ok","result_len":9}
{"ts":"2026-09-14T20:37:12.680814+00:00","event":"persistence.materialiser_structure_blocks","section":"Chanson","audio_hash":"41ea46f13ff4","view":"Analyse","mode":"Vue","duration_ms":0.827,"status":"ok","result_len":9}
{"ts":"2026-09-14T20:37:12.778704+00:00","event":"persistence.load_lyric_block_edits","section":"Chanson","audio_hash":"41ea46f13ff4","view":"Analyse","mode":"Vue","duration_ms":97.129,"status":"ok","result_len":6}
{"ts":"2026-09-14T20:37:12.800153+00:00","event":"persistence.effective_lyrics_words_for_sections","section":"Chanson","audio_hash":"41ea46f13ff4","view":"Analyse","mode":"Vue","duration_ms":118.608,"status":"ok","result_len":308}
{"ts":"2026-09-14T20:37:12.807146+00:00","event":"timeline.chord_regions","section":"Chanson","audio_hash":"41ea46f13ff4","view":"Analyse","mode":"Vue","duration_ms":1.022,"status":"ok","result_len":87}
{"ts":"2026-09-14T20:37:18.620392+00:00","event":"timeline.waveform_preview_cache","section":"Chanson","audio_hash":"41ea46f13ff4","view":"Analyse","mode":"Vue","duration_ms":5810.701,"status":"ok","waveform_points":1400}
{"ts":"2026-09-14T20:37:18.620901+00:00","event":"timeline.chord_regions","section":"Chanson","audio_hash":"41ea46f13ff4","view":"Analyse","mode":"Vue","duration_ms":0.204,"status":"ok","result_len":87}
{"ts":"2026-09-14T20:37:18.738901+00:00","event":"timeline.render.summary","section":"Chanson","audio_hash":"41ea46f13ff4","view":"Analyse","mode":"Vue","beats":523,"regions":87,"waveform_points":1400,"plotly_traces":4}
{"ts":"2026-09-14T20:37:18.739222+00:00","event":"timeline.create_harmonic_timeline","section":"Chanson","audio_hash":"41ea46f13ff4","view":"Analyse","mode":"Vue","duration_ms":5929.547,"status":"ok","plotly_traces":4}
{"ts":"2026-09-14T20:37:18.752173+00:00","event":"ui.plotly_chart","section":"Chanson","audio_hash":"41ea46f13ff4","view":"Analyse","mode":"Vue","duration_ms":12.491,"status":"ok","plotly_traces":4}
{"ts":"2026-09-14T20:37:18.776781+00:00","event":"persistence.list_song_catalog","section":"Chanson","audio_hash":"41ea46f13ff4","view":"Analyse","mode":"Vue","duration_ms":2.238,"status":"ok","result_len":3}
{"ts":"2026-09-14T20:37:18.802450+00:00","event":"analysis.player.build_events","section":"Chanson","audio_hash":"41ea46f13ff4","view":"Analyse","mode":"Vue","duration_ms":8.391,"status":"ok","beats":523,"program":27}
{"ts":"2026-09-14T20:37:19.049649+00:00","event":"analysis.player.render","section":"Chanson","audio_hash":"41ea46f13ff4","view":"Analyse","mode":"Vue","duration_ms":244.232,"status":"ok","events":3139,"audio_bytes":5889629}
{"ts":"2026-09-14T20:37:19.052200+00:00","event":"midi.build_midi_file.bridge","section":"Chanson","audio_hash":"41ea46f13ff4","view":"Analyse","mode":"Vue","duration_ms":298.731,"bytes":13651}
{"ts":"2026-09-14T20:37:19.066407+00:00","event":"ui.download_button","section":"Chanson","audio_hash":"41ea46f13ff4","view":"Analyse","mode":"Vue","duration_ms":2.123,"status":"ok"}
{"ts":"2026-09-14T20:37:19.073461+00:00","event":"transcription.extraire_mots","section":"Chanson","audio_hash":"41ea46f13ff4","view":"Analyse","mode":"Vue","duration_ms":0.539,"status":"ok","result_len":314}
{"ts":"2026-09-14T20:37:19.085305+00:00","event":"transcription.construire_timeline_phonetique","section":"Chanson","audio_hash":"41ea46f13ff4","view":"Analyse","mode":"Vue","duration_ms":12.393,"status":"ok","result_len":314}
{"ts":"2026-09-14T20:37:19.091966+00:00","event":"transcription.construire_groupes_phonetiques","section":"Chanson","audio_hash":"41ea46f13ff4","view":"Analyse","mode":"Vue","duration_ms":1.541,"status":"ok","result_len":293}
{"ts":"2026-09-14T20:37:19.105236+00:00","event":"ui.dataframe","section":"Chanson","audio_hash":"41ea46f13ff4","view":"Analyse","mode":"Vue","duration_ms":4.836,"status":"ok","rows":24}
{"ts":"2026-09-14T20:37:19.120089+00:00","event":"persistence.load_measure_edits","section":"Chanson","audio_hash":"41ea46f13ff4","view":"Analyse","mode":"Vue","duration_ms":1.102,"status":"ok","result_len":0}
{"ts":"2026-09-14T20:37:42.225902+00:00","event":"rerun.start","section":"Chanson","audio_hash":"41ea46f13ff4","view":"Analyse","mode":"Vue"}
{"ts":"2026-09-14T20:37:42.260281+00:00","event":"ui.download_button","section":"Chanson","audio_hash":"41ea46f13ff4","view":"Analyse","mode":"Vue","duration_ms":1.478,"status":"ok"}
{"ts":"2026-09-14T20:37:42.269240+00:00","event":"ui.image","section":"Chanson","audio_hash":"41ea46f13ff4","view":"Analyse","mode":"Vue","duration_ms":1.239,"status":"ok"}
{"ts":"2026-09-14T20:37:42.299217+00:00","event":"ui.analysis_sidebar.load_latest","section":"Chanson","audio_hash":"41ea46f13ff4","view":"Analyse","mode":"Vue","duration_ms":12.256,"status":"ok"}
{"ts":"2026-09-14T20:37:42.299813+00:00","event":"ui.analysis_sidebar.state","section":"Chanson","audio_hash":"41ea46f13ff4","view":"Analyse","mode":"Vue","fresh_song":false,"edit_mode":false}
{"ts":"2026-09-14T20:37:42.324625+00:00","event":"persistence.list_song_catalog","section":"Chanson","audio_hash":"41ea46f13ff4","view":"Analyse","mode":"Vue","duration_ms":0.669,"status":"ok","result_len":3}
{"ts":"2026-09-14T20:37:42.403237+00:00","event":"persistence.load_measure_edits","section":"Chanson","audio_hash":"41ea46f13ff4","view":"Analyse","mode":"Vue","duration_ms":3.644,"status":"ok","result_len":0}
{"ts":"2026-09-14T20:37:42.507868+00:00","event":"persistence.load_lyric_block_edits","section":"Chanson","audio_hash":"41ea46f13ff4","view":"Analyse","mode":"Vue","duration_ms":103.733,"status":"ok","result_len":6}
{"ts":"2026-09-14T20:37:42.514953+00:00","event":"persistence.load_structure_blocks","section":"Chanson","audio_hash":"41ea46f13ff4","view":"Analyse","mode":"Vue","duration_ms":5.433,"status":"ok","result_len":9}
{"ts":"2026-09-14T20:37:42.611788+00:00","event":"persistence.load_persisted_analysis","section":"Chanson","audio_hash":"41ea46f13ff4","view":"Analyse","mode":"Vue","duration_ms":6.326,"status":"ok"}
{"ts":"2026-09-14T20:37:42.641963+00:00","event":"persistence.load_latest_persisted_analysis","section":"Chanson","audio_hash":"41ea46f13ff4","view":"Analyse","mode":"Vue","duration_ms":28.694,"status":"ok","result_len":5}
{"ts":"2026-09-14T20:37:42.651338+00:00","event":"persistence.load_measure_edits","section":"Chanson","audio_hash":"41ea46f13ff4","view":"Analyse","mode":"Vue","duration_ms":1.502,"status":"ok","result_len":0}
{"ts":"2026-09-14T20:37:42.658364+00:00","event":"persistence.load_measure_edits","section":"Chanson","audio_hash":"41ea46f13ff4","view":"Analyse","mode":"Vue","duration_ms":2.785,"status":"ok","result_len":0}
{"ts":"2026-09-14T20:37:42.716250+00:00","event":"persistence.load_lyric_block_edits","section":"Chanson","audio_hash":"41ea46f13ff4","view":"Analyse","mode":"Vue","duration_ms":57.426,"status":"ok","result_len":6}
{"ts":"2026-09-14T20:37:42.800553+00:00","event":"persistence.load_structure_blocks","section":"Chanson","audio_hash":"41ea46f13ff4","view":"Analyse","mode":"Vue","duration_ms":2.237,"status":"ok","result_len":9}
{"ts":"2026-09-14T20:37:42.803055+00:00","event":"transcription.extraire_mots","section":"Chanson","audio_hash":"41ea46f13ff4","view":"Analyse","mode":"Vue","duration_ms":1.149,"status":"ok","result_len":314}
{"ts":"2026-09-14T20:37:42.804010+00:00","event":"structure.persisted.reuse","section":"Chanson","audio_hash":"41ea46f13ff4","view":"Analyse","mode":"Vue","blocks":9,"measures":175,"threshold":0.66}
{"ts":"2026-09-14T20:37:42.805194+00:00","event":"persistence.load_structure_blocks","section":"Chanson","audio_hash":"41ea46f13ff4","view":"Analyse","mode":"Vue","duration_ms":0.907,"status":"ok","result_len":9}
{"ts":"2026-09-14T20:37:42.806026+00:00","event":"persistence.materialiser_structure_blocks","section":"Chanson","audio_hash":"41ea46f13ff4","view":"Analyse","mode":"Vue","duration_ms":0.566,"status":"ok","result_len":9}
{"ts":"2026-09-14T20:37:42.858701+00:00","event":"persistence.load_lyric_block_edits","section":"Chanson","audio_hash":"41ea46f13ff4","view":"Analyse","mode":"Vue","duration_ms":52.038,"status":"ok","result_len":6}
{"ts":"2026-09-14T20:37:42.894825+00:00","event":"persistence.effective_lyrics_words_for_sections","section":"Chanson","audio_hash":"41ea46f13ff4","view":"Analyse","mode":"Vue","duration_ms":88.092,"status":"ok","result_len":308}
{"ts":"2026-09-14T20:37:42.901558+00:00","event":"timeline.chord_regions","section":"Chanson","audio_hash":"41ea46f13ff4","view":"Analyse","mode":"Vue","duration_ms":0.269,"status":"ok","result_len":87}
{"ts":"2026-09-14T20:37:42.919412+00:00","event":"timeline.waveform_preview_cache","section":"Chanson","audio_hash":"41ea46f13ff4","view":"Analyse","mode":"Vue","duration_ms":17.466,"status":"ok","waveform_points":1400}
{"ts":"2026-09-14T20:37:42.919965+00:00","event":"timeline.chord_regions","section":"Chanson","audio_hash":"41ea46f13ff4","view":"Analyse","mode":"Vue","duration_ms":0.244,"status":"ok","result_len":87}
{"ts":"2026-09-14T20:37:43.336409+00:00","event":"timeline.render.summary","section":"Chanson","audio_hash":"41ea46f13ff4","view":"Analyse","mode":"Vue","beats":523,"regions":87,"waveform_points":1400,"plotly_traces":4}
{"ts":"2026-09-14T20:37:43.337398+00:00","event":"timeline.create_harmonic_timeline","section":"Chanson","audio_hash":"41ea46f13ff4","view":"Analyse","mode":"Vue","duration_ms":435.448,"status":"ok","plotly_traces":4}
{"ts":"2026-09-14T20:37:43.374495+00:00","event":"ui.plotly_chart","section":"Chanson","audio_hash":"41ea46f13ff4","view":"Analyse","mode":"Vue","duration_ms":34.554,"status":"ok","plotly_traces":4}
{"ts":"2026-09-14T20:37:43.440928+00:00","event":"persistence.list_song_catalog","section":"Chanson","audio_hash":"41ea46f13ff4","view":"Analyse","mode":"Vue","duration_ms":4.595,"status":"ok","result_len":3}
{"ts":"2026-09-14T20:37:43.532594+00:00","event":"analysis.player.build_events","section":"Chanson","audio_hash":"41ea46f13ff4","view":"Analyse","mode":"Vue","duration_ms":76.132,"status":"ok","beats":523,"program":0}
{"ts":"2026-09-14T20:37:44.345813+00:00","event":"analysis.player.render","section":"Chanson","audio_hash":"41ea46f13ff4","view":"Analyse","mode":"Vue","duration_ms":794.175,"status":"ok","events":3139,"audio_bytes":5889629}
{"ts":"2026-09-14T20:37:44.352052+00:00","event":"midi.build_midi_file.bridge","section":"Chanson","audio_hash":"41ea46f13ff4","view":"Analyse","mode":"Vue","duration_ms":971.195,"bytes":13651}
{"ts":"2026-09-14T20:37:44.422443+00:00","event":"ui.download_button","section":"Chanson","audio_hash":"41ea46f13ff4","view":"Analyse","mode":"Vue","duration_ms":3.854,"status":"ok"}
{"ts":"2026-09-14T20:37:44.427473+00:00","event":"transcription.extraire_mots","section":"Chanson","audio_hash":"41ea46f13ff4","view":"Analyse","mode":"Vue","duration_ms":1.078,"status":"ok","result_len":314}
{"ts":"2026-09-14T20:37:44.445745+00:00","event":"transcription.construire_timeline_phonetique","section":"Chanson","audio_hash":"41ea46f13ff4","view":"Analyse","mode":"Vue","duration_ms":19.396,"status":"ok","result_len":314}
{"ts":"2026-09-14T20:37:44.462199+00:00","event":"transcription.construire_groupes_phonetiques","section":"Chanson","audio_hash":"41ea46f13ff4","view":"Analyse","mode":"Vue","duration_ms":3.493,"status":"ok","result_len":293}
{"ts":"2026-09-14T20:37:44.479882+00:00","event":"ui.dataframe","section":"Chanson","audio_hash":"41ea46f13ff4","view":"Analyse","mode":"Vue","duration_ms":9.048,"status":"ok","rows":24}
{"ts":"2026-09-14T20:37:44.517715+00:00","event":"persistence.load_measure_edits","section":"Chanson","audio_hash":"41ea46f13ff4","view":"Analyse","mode":"Vue","duration_ms":1.827,"status":"ok","result_len":0}
{"ts":"2026-09-14T21:20:59.108472+00:00","event":"probe.install.complete","log_file":"H:\\EZScore\\data\\logs\\ezscore_perf.log"}
{"ts":"2026-09-14T21:20:59.111982+00:00","event":"midi.symbol.exported","exported":true}
{"ts":"2026-09-14T21:20:59.115092+00:00","event":"rerun.start"}
{"ts":"2026-09-14T21:21:01.168231+00:00","event":"persistence.list_song_catalog","section":"Répertoire","audio_hash":"41ea46f13ff4","duration_ms":8.675,"status":"ok","result_len":3}
{"ts":"2026-09-14T21:21:08.372429+00:00","event":"rerun.start","section":"Répertoire","audio_hash":"41ea46f13ff4"}
{"ts":"2026-09-14T21:21:08.741547+00:00","event":"rerun.start","section":"Compte","audio_hash":"41ea46f13ff4"}
{"ts":"2026-09-14T21:21:20.480007+00:00","event":"rerun.start","section":"Compte","audio_hash":"41ea46f13ff4"}
{"ts":"2026-09-14T21:21:21.006461+00:00","event":"rerun.start","section":"Répertoire","audio_hash":"41ea46f13ff4"}
{"ts":"2026-09-14T21:21:21.035168+00:00","event":"ui.download_button","section":"Répertoire","audio_hash":"41ea46f13ff4","duration_ms":1.81,"status":"ok"}
{"ts":"2026-09-14T21:21:21.130449+00:00","event":"persistence.list_song_catalog","section":"Répertoire","audio_hash":"41ea46f13ff4","duration_ms":7.231,"status":"ok","result_len":3}
{"ts":"2026-09-14T21:21:21.496046+00:00","event":"ui.image","section":"Répertoire","audio_hash":"41ea46f13ff4","duration_ms":204.951,"status":"ok"}
{"ts":"2026-09-14T21:21:21.647771+00:00","event":"ui.image","section":"Répertoire","audio_hash":"41ea46f13ff4","duration_ms":17.269,"status":"ok"}
{"ts":"2026-09-14T21:21:29.366587+00:00","event":"rerun.start","section":"Import","audio_hash":"41ea46f13ff4"}
{"ts":"2026-09-14T21:21:29.395550+00:00","event":"ui.download_button","section":"Import","audio_hash":"41ea46f13ff4","duration_ms":2.213,"status":"ok"}
{"ts":"2026-09-14T21:21:29.404544+00:00","event":"ui.image","section":"Import","audio_hash":"41ea46f13ff4","duration_ms":0.847,"status":"ok"}
{"ts":"2026-09-14T21:21:44.184147+00:00","event":"rerun.start","section":"Import","audio_hash":"41ea46f13ff4"}
{"ts":"2026-09-14T21:21:44.225450+00:00","event":"ui.download_button","section":"Import","audio_hash":"41ea46f13ff4","duration_ms":1.655,"status":"ok"}
{"ts":"2026-09-14T21:21:44.232208+00:00","event":"ui.image","section":"Import","audio_hash":"41ea46f13ff4","duration_ms":0.787,"status":"ok"}
{"ts":"2026-09-14T21:21:45.088680+00:00","event":"rerun.start","section":"Chanson","audio_hash":"ab08e8f9ee3c"}
{"ts":"2026-09-14T21:21:45.269971+00:00","event":"ui.download_button","section":"Chanson","audio_hash":"ab08e8f9ee3c","duration_ms":15.765,"status":"ok"}
{"ts":"2026-09-14T21:21:45.391463+00:00","event":"ui.image","section":"Chanson","audio_hash":"ab08e8f9ee3c","duration_ms":5.257,"status":"ok"}
{"ts":"2026-09-14T21:21:45.790081+00:00","event":"ui.analysis_sidebar.load_latest","section":"Chanson","audio_hash":"ab08e8f9ee3c","duration_ms":11.388,"status":"ok"}
{"ts":"2026-09-14T21:21:45.790832+00:00","event":"ui.analysis_sidebar.state","section":"Chanson","audio_hash":"ab08e8f9ee3c","fresh_song":true,"show_settings":true}
{"ts":"2026-09-14T21:21:45.947382+00:00","event":"persistence.list_song_catalog","section":"Chanson","audio_hash":"ab08e8f9ee3c","duration_ms":2.093,"status":"ok","result_len":4}
{"ts":"2026-09-14T21:21:46.153726+00:00","event":"persistence.load_measure_edits","section":"Chanson","audio_hash":"ab08e8f9ee3c","view":"Paroles + accords","mode":"Vue","duration_ms":1.329,"status":"ok","result_len":0}
{"ts":"2026-09-14T21:21:46.156011+00:00","event":"persistence.load_lyric_block_edits","section":"Chanson","audio_hash":"ab08e8f9ee3c","view":"Paroles + accords","mode":"Vue","duration_ms":1.564,"status":"ok","result_len":0}
{"ts":"2026-09-14T21:21:46.160733+00:00","event":"persistence.load_structure_blocks","section":"Chanson","audio_hash":"ab08e8f9ee3c","view":"Paroles + accords","mode":"Vue","duration_ms":3.443,"status":"ok","result_len":0}
{"ts":"2026-09-14T21:21:46.177862+00:00","event":"persistence.load_persisted_analysis","section":"Chanson","audio_hash":"ab08e8f9ee3c","view":"Paroles + accords","mode":"Vue","duration_ms":3.15,"status":"ok"}
{"ts":"2026-09-14T21:21:46.180446+00:00","event":"persistence.load_latest_persisted_analysis","section":"Chanson","audio_hash":"ab08e8f9ee3c","view":"Paroles + accords","mode":"Vue","duration_ms":1.959,"status":"ok"}
{"ts":"2026-09-14T21:22:30.275941+00:00","event":"rerun.start","section":"Chanson","audio_hash":"ab08e8f9ee3c","view":"Paroles + accords","mode":"Vue"}
{"ts":"2026-09-14T21:22:30.301011+00:00","event":"ui.download_button","section":"Chanson","audio_hash":"ab08e8f9ee3c","view":"Paroles + accords","mode":"Vue","duration_ms":1.578,"status":"ok"}
{"ts":"2026-09-14T21:22:30.311413+00:00","event":"ui.image","section":"Chanson","audio_hash":"ab08e8f9ee3c","view":"Paroles + accords","mode":"Vue","duration_ms":0.469,"status":"ok"}
{"ts":"2026-09-14T21:22:30.334945+00:00","event":"ui.analysis_sidebar.load_latest","section":"Chanson","audio_hash":"ab08e8f9ee3c","view":"Paroles + accords","mode":"Vue","duration_ms":1.392,"status":"ok"}
{"ts":"2026-09-14T21:22:30.335859+00:00","event":"ui.analysis_sidebar.state","section":"Chanson","audio_hash":"ab08e8f9ee3c","view":"Paroles + accords","mode":"Vue","fresh_song":true,"show_settings":true}
{"ts":"2026-09-14T21:22:30.391108+00:00","event":"persistence.list_song_catalog","section":"Chanson","audio_hash":"ab08e8f9ee3c","view":"Paroles + accords","mode":"Vue","duration_ms":4.43,"status":"ok","result_len":4}
{"ts":"2026-09-14T21:22:30.512942+00:00","event":"persistence.load_measure_edits","section":"Chanson","audio_hash":"ab08e8f9ee3c","view":"Paroles + accords","mode":"Vue","duration_ms":5.353,"status":"ok","result_len":0}
{"ts":"2026-09-14T21:22:30.525899+00:00","event":"persistence.load_lyric_block_edits","section":"Chanson","audio_hash":"ab08e8f9ee3c","view":"Paroles + accords","mode":"Vue","duration_ms":9.969,"status":"ok","result_len":0}
{"ts":"2026-09-14T21:22:30.532187+00:00","event":"persistence.load_structure_blocks","section":"Chanson","audio_hash":"ab08e8f9ee3c","view":"Paroles + accords","mode":"Vue","duration_ms":4.674,"status":"ok","result_len":0}
{"ts":"2026-09-14T21:22:30.551191+00:00","event":"persistence.load_persisted_analysis","section":"Chanson","audio_hash":"ab08e8f9ee3c","view":"Paroles + accords","mode":"Vue","duration_ms":8.534,"status":"ok"}
{"ts":"2026-09-14T21:22:30.561844+00:00","event":"persistence.load_latest_persisted_analysis","section":"Chanson","audio_hash":"ab08e8f9ee3c","view":"Paroles + accords","mode":"Vue","duration_ms":8.119,"status":"ok"}
{"ts":"2026-09-14T21:24:11.616740+00:00","event":"persistence.load_structure_blocks","section":"Chanson","audio_hash":"ab08e8f9ee3c","view":"Paroles + accords","mode":"Vue","duration_ms":1.396,"status":"ok","result_len":0}
{"ts":"2026-09-14T21:24:11.618290+00:00","event":"persistence.load_measure_edits","section":"Chanson","audio_hash":"ab08e8f9ee3c","view":"Paroles + accords","mode":"Vue","duration_ms":1.096,"status":"ok","result_len":0}
{"ts":"2026-09-14T21:24:11.620537+00:00","event":"persistence.load_lyric_block_edits","section":"Chanson","audio_hash":"ab08e8f9ee3c","view":"Paroles + accords","mode":"Vue","duration_ms":1.946,"status":"ok","result_len":0}
{"ts":"2026-09-14T21:24:11.672562+00:00","event":"persistence.load_measure_edits","section":"Chanson","audio_hash":"ab08e8f9ee3c","view":"Paroles + accords","mode":"Vue","duration_ms":1.323,"status":"ok","result_len":0}
{"ts":"2026-09-14T21:24:11.676813+00:00","event":"persistence.load_measure_edits","section":"Chanson","audio_hash":"ab08e8f9ee3c","view":"Paroles + accords","mode":"Vue","duration_ms":2.286,"status":"ok","result_len":0}
{"ts":"2026-09-14T21:24:11.679866+00:00","event":"persistence.load_lyric_block_edits","section":"Chanson","audio_hash":"ab08e8f9ee3c","view":"Paroles + accords","mode":"Vue","duration_ms":2.535,"status":"ok","result_len":0}
{"ts":"2026-09-14T21:24:11.728225+00:00","event":"persistence.load_structure_blocks","section":"Chanson","audio_hash":"ab08e8f9ee3c","view":"Paroles + accords","mode":"Vue","duration_ms":1.48,"status":"ok","result_len":0}
{"ts":"2026-09-14T21:24:25.546457+00:00","event":"transcription.detecter_sections_structurelles","section":"Chanson","audio_hash":"ab08e8f9ee3c","view":"Paroles + accords","mode":"Vue","duration_ms":13817.88,"status":"ok","result_len":10}
{"ts":"2026-09-14T21:24:25.547427+00:00","event":"structure.r33.compute","section":"Chanson","audio_hash":"ab08e8f9ee3c","view":"Paroles + accords","mode":"Vue","duration_ms":13818.863,"status":"ok","measures":102,"threshold":0.45}
{"ts":"2026-09-14T21:24:25.551001+00:00","event":"persistence.load_structure_blocks","section":"Chanson","audio_hash":"ab08e8f9ee3c","view":"Paroles + accords","mode":"Vue","duration_ms":2.331,"status":"ok","result_len":0}
{"ts":"2026-09-14T21:24:25.574060+00:00","event":"persistence.materialiser_structure_blocks","section":"Chanson","audio_hash":"ab08e8f9ee3c","view":"Paroles + accords","mode":"Vue","duration_ms":0.504,"status":"ok","result_len":10}
{"ts":"2026-09-14T21:24:25.574777+00:00","event":"lyrics.visual_envelope","section":"Chanson","audio_hash":"ab08e8f9ee3c","view":"Paroles + accords","mode":"Vue","measure_start":0.18575963718820862,"measure_end":268.98095464852605,"visual_start":0.0,"visual_end":268.98095464852605}
{"ts":"2026-09-14T21:24:25.580778+00:00","event":"persistence.load_lyric_block_edits","section":"Chanson","audio_hash":"ab08e8f9ee3c","view":"Paroles + accords","mode":"Vue","duration_ms":5.552,"status":"ok","result_len":0}
{"ts":"2026-09-14T21:24:25.584166+00:00","event":"persistence.effective_lyrics_words_for_sections","section":"Chanson","audio_hash":"ab08e8f9ee3c","view":"Paroles + accords","mode":"Vue","duration_ms":8.95,"status":"ok","result_len":159}
{"ts":"2026-09-14T21:24:25.768175+00:00","event":"persistence.load_lyric_block_edits","section":"Chanson","audio_hash":"ab08e8f9ee3c","view":"Paroles + accords","mode":"Vue","duration_ms":11.204,"status":"ok","result_len":0}
{"ts":"2026-09-14T21:24:42.762961+00:00","event":"rerun.start","section":"Chanson","audio_hash":"ab08e8f9ee3c","view":"Blocs","mode":"Vue"}
{"ts":"2026-09-14T21:24:42.786092+00:00","event":"ui.download_button","section":"Chanson","audio_hash":"ab08e8f9ee3c","view":"Blocs","mode":"Vue","duration_ms":1.643,"status":"ok"}
{"ts":"2026-09-14T21:24:42.795959+00:00","event":"ui.image","section":"Chanson","audio_hash":"ab08e8f9ee3c","view":"Blocs","mode":"Vue","duration_ms":1.21,"status":"ok"}
{"ts":"2026-09-14T21:24:42.826029+00:00","event":"ui.analysis_sidebar.load_latest","section":"Chanson","audio_hash":"ab08e8f9ee3c","view":"Blocs","mode":"Vue","duration_ms":7.104,"status":"ok"}
{"ts":"2026-09-14T21:24:42.826961+00:00","event":"ui.analysis_sidebar.state","section":"Chanson","audio_hash":"ab08e8f9ee3c","view":"Blocs","mode":"Vue","fresh_song":false,"edit_mode":false}
{"ts":"2026-09-14T21:24:42.858184+00:00","event":"persistence.list_song_catalog","section":"Chanson","audio_hash":"ab08e8f9ee3c","view":"Blocs","mode":"Vue","duration_ms":0.943,"status":"ok","result_len":4}
{"ts":"2026-09-14T21:24:42.968710+00:00","event":"persistence.load_measure_edits","section":"Chanson","audio_hash":"ab08e8f9ee3c","view":"Blocs","mode":"Vue","duration_ms":1.864,"status":"ok","result_len":0}
{"ts":"2026-09-14T21:24:42.973205+00:00","event":"persistence.load_lyric_block_edits","section":"Chanson","audio_hash":"ab08e8f9ee3c","view":"Blocs","mode":"Vue","duration_ms":3.693,"status":"ok","result_len":0}
{"ts":"2026-09-14T21:24:42.976125+00:00","event":"persistence.load_structure_blocks","section":"Chanson","audio_hash":"ab08e8f9ee3c","view":"Blocs","mode":"Vue","duration_ms":2.034,"status":"ok","result_len":10}
{"ts":"2026-09-14T21:24:43.024725+00:00","event":"persistence.load_persisted_analysis","section":"Chanson","audio_hash":"ab08e8f9ee3c","view":"Blocs","mode":"Vue","duration_ms":43.45,"status":"ok","result_len":2}
{"ts":"2026-09-14T21:24:43.046206+00:00","event":"persistence.load_latest_persisted_analysis","section":"Chanson","audio_hash":"ab08e8f9ee3c","view":"Blocs","mode":"Vue","duration_ms":20.384,"status":"ok","result_len":5}
{"ts":"2026-09-14T21:24:43.054552+00:00","event":"persistence.load_measure_edits","section":"Chanson","audio_hash":"ab08e8f9ee3c","view":"Blocs","mode":"Vue","duration_ms":1.58,"status":"ok","result_len":0}
{"ts":"2026-09-14T21:24:43.058982+00:00","event":"persistence.load_measure_edits","section":"Chanson","audio_hash":"ab08e8f9ee3c","view":"Blocs","mode":"Vue","duration_ms":3.037,"status":"ok","result_len":0}
{"ts":"2026-09-14T21:24:43.063169+00:00","event":"persistence.load_lyric_block_edits","section":"Chanson","audio_hash":"ab08e8f9ee3c","view":"Blocs","mode":"Vue","duration_ms":3.505,"status":"ok","result_len":0}
{"ts":"2026-09-14T21:24:43.118284+00:00","event":"persistence.load_structure_blocks","section":"Chanson","audio_hash":"ab08e8f9ee3c","view":"Blocs","mode":"Vue","duration_ms":1.129,"status":"ok","result_len":10}
{"ts":"2026-09-14T21:24:43.123079+00:00","event":"transcription.extraire_mots","section":"Chanson","audio_hash":"ab08e8f9ee3c","view":"Blocs","mode":"Vue","duration_ms":4.266,"status":"ok","result_len":159}
{"ts":"2026-09-14T21:24:43.123739+00:00","event":"structure.persisted.reuse","section":"Chanson","audio_hash":"ab08e8f9ee3c","view":"Blocs","mode":"Vue","blocks":10,"measures":102,"threshold":0.45}
{"ts":"2026-09-14T21:24:43.125102+00:00","event":"persistence.load_structure_blocks","section":"Chanson","audio_hash":"ab08e8f9ee3c","view":"Blocs","mode":"Vue","duration_ms":1.05,"status":"ok","result_len":10}
{"ts":"2026-09-14T21:24:43.125760+00:00","event":"persistence.materialiser_structure_blocks","section":"Chanson","audio_hash":"ab08e8f9ee3c","view":"Blocs","mode":"Vue","duration_ms":0.351,"status":"ok","result_len":10}
{"ts":"2026-09-14T21:24:43.126383+00:00","event":"lyrics.visual_envelope","section":"Chanson","audio_hash":"ab08e8f9ee3c","view":"Blocs","mode":"Vue","measure_start":0.18575963718820862,"measure_end":268.98095464852605,"visual_start":0.0,"visual_end":268.98095464852605}
{"ts":"2026-09-14T21:24:43.128770+00:00","event":"persistence.load_lyric_block_edits","section":"Chanson","audio_hash":"ab08e8f9ee3c","view":"Blocs","mode":"Vue","duration_ms":1.916,"status":"ok","result_len":0}
{"ts":"2026-09-14T21:24:43.130932+00:00","event":"persistence.effective_lyrics_words_for_sections","section":"Chanson","audio_hash":"ab08e8f9ee3c","view":"Blocs","mode":"Vue","duration_ms":4.087,"status":"ok","result_len":159}
{"ts":"2026-09-14T21:24:43.211135+00:00","event":"ui.dataframe","section":"Chanson","audio_hash":"ab08e8f9ee3c","view":"Blocs","mode":"Vue","duration_ms":39.526,"status":"ok","rows":10}
{"ts":"2026-09-14T21:24:47.753431+00:00","event":"rerun.start","section":"Chanson","audio_hash":"ab08e8f9ee3c","view":"Paroles + accords","mode":"Vue"}
{"ts":"2026-09-14T21:24:47.775374+00:00","event":"ui.download_button","section":"Chanson","audio_hash":"ab08e8f9ee3c","view":"Paroles + accords","mode":"Vue","duration_ms":0.918,"status":"ok"}
{"ts":"2026-09-14T21:24:47.780972+00:00","event":"ui.image","section":"Chanson","audio_hash":"ab08e8f9ee3c","view":"Paroles + accords","mode":"Vue","duration_ms":0.368,"status":"ok"}
{"ts":"2026-09-14T21:24:47.801175+00:00","event":"ui.analysis_sidebar.load_latest","section":"Chanson","audio_hash":"ab08e8f9ee3c","view":"Paroles + accords","mode":"Vue","duration_ms":4.979,"status":"ok"}
{"ts":"2026-09-14T21:24:47.801495+00:00","event":"ui.analysis_sidebar.state","section":"Chanson","audio_hash":"ab08e8f9ee3c","view":"Paroles + accords","mode":"Vue","fresh_song":false,"edit_mode":false}
{"ts":"2026-09-14T21:24:47.827719+00:00","event":"persistence.list_song_catalog","section":"Chanson","audio_hash":"ab08e8f9ee3c","view":"Paroles + accords","mode":"Vue","duration_ms":2.042,"status":"ok","result_len":4}
{"ts":"2026-09-14T21:24:47.887160+00:00","event":"persistence.load_measure_edits","section":"Chanson","audio_hash":"ab08e8f9ee3c","view":"Paroles + accords","mode":"Vue","duration_ms":1.168,"status":"ok","result_len":0}
{"ts":"2026-09-14T21:24:47.890483+00:00","event":"persistence.load_lyric_block_edits","section":"Chanson","audio_hash":"ab08e8f9ee3c","view":"Paroles + accords","mode":"Vue","duration_ms":2.916,"status":"ok","result_len":0}
{"ts":"2026-09-14T21:24:47.892467+00:00","event":"persistence.load_structure_blocks","section":"Chanson","audio_hash":"ab08e8f9ee3c","view":"Paroles + accords","mode":"Vue","duration_ms":1.371,"status":"ok","result_len":10}
{"ts":"2026-09-14T21:24:47.898540+00:00","event":"persistence.load_persisted_analysis","section":"Chanson","audio_hash":"ab08e8f9ee3c","view":"Paroles + accords","mode":"Vue","duration_ms":2.246,"status":"ok"}
{"ts":"2026-09-14T21:24:47.909132+00:00","event":"persistence.load_latest_persisted_analysis","section":"Chanson","audio_hash":"ab08e8f9ee3c","view":"Paroles + accords","mode":"Vue","duration_ms":10.092,"status":"ok","result_len":5}
{"ts":"2026-09-14T21:24:47.933452+00:00","event":"persistence.load_measure_edits","section":"Chanson","audio_hash":"ab08e8f9ee3c","view":"Paroles + accords","mode":"Vue","duration_ms":4.186,"status":"ok","result_len":0}
{"ts":"2026-09-14T21:24:47.942847+00:00","event":"persistence.load_measure_edits","section":"Chanson","audio_hash":"ab08e8f9ee3c","view":"Paroles + accords","mode":"Vue","duration_ms":5.076,"status":"ok","result_len":0}
{"ts":"2026-09-14T21:24:47.948799+00:00","event":"persistence.load_lyric_block_edits","section":"Chanson","audio_hash":"ab08e8f9ee3c","view":"Paroles + accords","mode":"Vue","duration_ms":5.313,"status":"ok","result_len":0}
{"ts":"2026-09-14T21:24:48.019264+00:00","event":"persistence.load_structure_blocks","section":"Chanson","audio_hash":"ab08e8f9ee3c","view":"Paroles + accords","mode":"Vue","duration_ms":2.49,"status":"ok","result_len":10}
{"ts":"2026-09-14T21:24:48.019914+00:00","event":"transcription.extraire_mots","section":"Chanson","audio_hash":"ab08e8f9ee3c","view":"Paroles + accords","mode":"Vue","duration_ms":0.172,"status":"ok","result_len":159}
{"ts":"2026-09-14T21:24:48.022212+00:00","event":"structure.persisted.reuse","section":"Chanson","audio_hash":"ab08e8f9ee3c","view":"Paroles + accords","mode":"Vue","blocks":10,"measures":102,"threshold":0.66}
{"ts":"2026-09-14T21:24:48.026272+00:00","event":"persistence.load_structure_blocks","section":"Chanson","audio_hash":"ab08e8f9ee3c","view":"Paroles + accords","mode":"Vue","duration_ms":2.701,"status":"ok","result_len":10}
{"ts":"2026-09-14T21:24:48.027626+00:00","event":"persistence.materialiser_structure_blocks","section":"Chanson","audio_hash":"ab08e8f9ee3c","view":"Paroles + accords","mode":"Vue","duration_ms":0.648,"status":"ok","result_len":10}
{"ts":"2026-09-14T21:24:48.029016+00:00","event":"lyrics.visual_envelope","section":"Chanson","audio_hash":"ab08e8f9ee3c","view":"Paroles + accords","mode":"Vue","measure_start":0.18575963718820862,"measure_end":268.98095464852605,"visual_start":0.0,"visual_end":268.98095464852605}
{"ts":"2026-09-14T21:24:48.036548+00:00","event":"persistence.load_lyric_block_edits","section":"Chanson","audio_hash":"ab08e8f9ee3c","view":"Paroles + accords","mode":"Vue","duration_ms":3.77,"status":"ok","result_len":0}
{"ts":"2026-09-14T21:24:48.053216+00:00","event":"persistence.effective_lyrics_words_for_sections","section":"Chanson","audio_hash":"ab08e8f9ee3c","view":"Paroles + accords","mode":"Vue","duration_ms":20.462,"status":"ok","result_len":159}
{"ts":"2026-09-14T21:24:48.582498+00:00","event":"persistence.load_lyric_block_edits","section":"Chanson","audio_hash":"ab08e8f9ee3c","view":"Paroles + accords","mode":"Vue","duration_ms":12.935,"status":"ok","result_len":0}
{"ts":"2026-09-14T21:25:00.227026+00:00","event":"rerun.start","section":"Chanson","audio_hash":"ab08e8f9ee3c","view":"Paroles + accords","mode":"Vue"}
{"ts":"2026-09-14T21:25:00.250638+00:00","event":"ui.download_button","section":"Chanson","audio_hash":"ab08e8f9ee3c","view":"Paroles + accords","mode":"Vue","duration_ms":1.143,"status":"ok"}
{"ts":"2026-09-14T21:25:00.258009+00:00","event":"ui.image","section":"Chanson","audio_hash":"ab08e8f9ee3c","view":"Paroles + accords","mode":"Vue","duration_ms":0.499,"status":"ok"}
{"ts":"2026-09-14T21:25:00.281646+00:00","event":"ui.analysis_sidebar.load_latest","section":"Chanson","audio_hash":"ab08e8f9ee3c","view":"Paroles + accords","mode":"Vue","duration_ms":4.393,"status":"ok"}
{"ts":"2026-09-14T21:25:00.282232+00:00","event":"ui.analysis_sidebar.state","section":"Chanson","audio_hash":"ab08e8f9ee3c","view":"Paroles + accords","mode":"Vue","fresh_song":false,"edit_mode":false}
{"ts":"2026-09-14T21:25:00.306215+00:00","event":"persistence.list_song_catalog","section":"Chanson","audio_hash":"ab08e8f9ee3c","view":"Paroles + accords","mode":"Vue","duration_ms":0.877,"status":"ok","result_len":4}
{"ts":"2026-09-14T21:25:00.370325+00:00","event":"persistence.load_measure_edits","section":"Chanson","audio_hash":"ab08e8f9ee3c","view":"Paroles + accords","mode":"Édition","duration_ms":0.699,"status":"ok","result_len":0}
{"ts":"2026-09-14T21:25:00.372768+00:00","event":"persistence.load_lyric_block_edits","section":"Chanson","audio_hash":"ab08e8f9ee3c","view":"Paroles + accords","mode":"Édition","duration_ms":2.094,"status":"ok","result_len":0}
{"ts":"2026-09-14T21:25:00.375654+00:00","event":"persistence.load_structure_blocks","section":"Chanson","audio_hash":"ab08e8f9ee3c","view":"Paroles + accords","mode":"Édition","duration_ms":2.037,"status":"ok","result_len":10}
{"ts":"2026-09-14T21:25:00.422717+00:00","event":"persistence.load_persisted_analysis","section":"Chanson","audio_hash":"ab08e8f9ee3c","view":"Paroles + accords","mode":"Édition","duration_ms":3.464,"status":"ok"}
{"ts":"2026-09-14T21:25:00.462166+00:00","event":"persistence.load_latest_persisted_analysis","section":"Chanson","audio_hash":"ab08e8f9ee3c","view":"Paroles + accords","mode":"Édition","duration_ms":38.564,"status":"ok","result_len":5}
{"ts":"2026-09-14T21:25:00.469150+00:00","event":"persistence.load_measure_edits","section":"Chanson","audio_hash":"ab08e8f9ee3c","view":"Paroles + accords","mode":"Édition","duration_ms":1.444,"status":"ok","result_len":0}
{"ts":"2026-09-14T21:25:00.478672+00:00","event":"persistence.load_measure_edits","section":"Chanson","audio_hash":"ab08e8f9ee3c","view":"Paroles + accords","mode":"Édition","duration_ms":4.315,"status":"ok","result_len":0}
{"ts":"2026-09-14T21:25:00.482658+00:00","event":"persistence.load_lyric_block_edits","section":"Chanson","audio_hash":"ab08e8f9ee3c","view":"Paroles + accords","mode":"Édition","duration_ms":3.138,"status":"ok","result_len":0}
{"ts":"2026-09-14T21:25:00.539549+00:00","event":"ui.dataframe","section":"Chanson","audio_hash":"ab08e8f9ee3c","view":"Paroles + accords","mode":"Édition","duration_ms":2.898,"status":"ok","rows":1}
{"ts":"2026-09-14T21:25:00.544288+00:00","event":"persistence.load_structure_blocks","section":"Chanson","audio_hash":"ab08e8f9ee3c","view":"Paroles + accords","mode":"Édition","duration_ms":2.207,"status":"ok","result_len":10}
{"ts":"2026-09-14T21:25:00.545054+00:00","event":"transcription.extraire_mots","section":"Chanson","audio_hash":"ab08e8f9ee3c","view":"Paroles + accords","mode":"Édition","duration_ms":0.222,"status":"ok","result_len":159}
{"ts":"2026-09-14T21:25:00.545817+00:00","event":"structure.persisted.reuse","section":"Chanson","audio_hash":"ab08e8f9ee3c","view":"Paroles + accords","mode":"Édition","blocks":10,"measures":102,"threshold":0.66}
{"ts":"2026-09-14T21:25:00.548505+00:00","event":"persistence.load_structure_blocks","section":"Chanson","audio_hash":"ab08e8f9ee3c","view":"Paroles + accords","mode":"Édition","duration_ms":2.01,"status":"ok","result_len":10}
{"ts":"2026-09-14T21:25:00.549130+00:00","event":"persistence.materialiser_structure_blocks","section":"Chanson","audio_hash":"ab08e8f9ee3c","view":"Paroles + accords","mode":"Édition","duration_ms":0.235,"status":"ok","result_len":10}
{"ts":"2026-09-14T21:25:00.549454+00:00","event":"lyrics.visual_envelope","section":"Chanson","audio_hash":"ab08e8f9ee3c","view":"Paroles + accords","mode":"Édition","measure_start":0.18575963718820862,"measure_end":268.98095464852605,"visual_start":0.0,"visual_end":268.98095464852605}
{"ts":"2026-09-14T21:25:00.551301+00:00","event":"persistence.load_lyric_block_edits","section":"Chanson","audio_hash":"ab08e8f9ee3c","view":"Paroles + accords","mode":"Édition","duration_ms":1.656,"status":"ok","result_len":0}
{"ts":"2026-09-14T21:25:00.557890+00:00","event":"persistence.effective_lyrics_words_for_sections","section":"Chanson","audio_hash":"ab08e8f9ee3c","view":"Paroles + accords","mode":"Édition","duration_ms":8.225,"status":"ok","result_len":159}
{"ts":"2026-09-14T21:25:01.051326+00:00","event":"ui.download_button","section":"Chanson","audio_hash":"ab08e8f9ee3c","view":"Paroles + accords","mode":"Édition","duration_ms":1.776,"status":"ok"}
{"ts":"2026-09-14T21:25:01.082990+00:00","event":"persistence.load_lyric_block_edits","section":"Chanson","audio_hash":"ab08e8f9ee3c","view":"Paroles + accords","mode":"Édition","duration_ms":4.887,"status":"ok","result_len":0}
{"ts":"2026-09-14T21:25:03.198518+00:00","event":"rerun.start","section":"Chanson","audio_hash":"ab08e8f9ee3c","view":"Blocs","mode":"Édition"}
{"ts":"2026-09-14T21:25:03.495063+00:00","event":"ui.download_button","section":"Chanson","audio_hash":"ab08e8f9ee3c","view":"Blocs","mode":"Édition","duration_ms":1.308,"status":"ok"}
{"ts":"2026-09-14T21:25:03.502038+00:00","event":"ui.image","section":"Chanson","audio_hash":"ab08e8f9ee3c","view":"Blocs","mode":"Édition","duration_ms":0.421,"status":"ok"}
{"ts":"2026-09-14T21:25:03.522991+00:00","event":"ui.analysis_sidebar.load_latest","section":"Chanson","audio_hash":"ab08e8f9ee3c","view":"Blocs","mode":"Édition","duration_ms":5.547,"status":"ok"}
{"ts":"2026-09-14T21:25:03.523314+00:00","event":"ui.analysis_sidebar.state","section":"Chanson","audio_hash":"ab08e8f9ee3c","view":"Blocs","mode":"Édition","fresh_song":false,"edit_mode":true}
{"ts":"2026-09-14T21:25:03.558916+00:00","event":"persistence.list_song_catalog","section":"Chanson","audio_hash":"ab08e8f9ee3c","view":"Blocs","mode":"Édition","duration_ms":0.614,"status":"ok","result_len":4}
{"ts":"2026-09-14T21:25:03.614399+00:00","event":"persistence.load_measure_edits","section":"Chanson","audio_hash":"ab08e8f9ee3c","view":"Blocs","mode":"Édition","duration_ms":1.359,"status":"ok","result_len":0}
{"ts":"2026-09-14T21:25:03.618632+00:00","event":"persistence.load_lyric_block_edits","section":"Chanson","audio_hash":"ab08e8f9ee3c","view":"Blocs","mode":"Édition","duration_ms":3.484,"status":"ok","result_len":0}
{"ts":"2026-09-14T21:25:03.621077+00:00","event":"persistence.load_structure_blocks","section":"Chanson","audio_hash":"ab08e8f9ee3c","view":"Blocs","mode":"Édition","duration_ms":1.716,"status":"ok","result_len":10}
{"ts":"2026-09-14T21:25:03.688675+00:00","event":"persistence.load_persisted_analysis","section":"Chanson","audio_hash":"ab08e8f9ee3c","view":"Blocs","mode":"Édition","duration_ms":2.104,"status":"ok"}
{"ts":"2026-09-14T21:25:03.702100+00:00","event":"persistence.load_latest_persisted_analysis","section":"Chanson","audio_hash":"ab08e8f9ee3c","view":"Blocs","mode":"Édition","duration_ms":12.715,"status":"ok","result_len":5}
{"ts":"2026-09-14T21:25:03.710763+00:00","event":"persistence.load_measure_edits","section":"Chanson","audio_hash":"ab08e8f9ee3c","view":"Blocs","mode":"Édition","duration_ms":1.385,"status":"ok","result_len":0}
{"ts":"2026-09-14T21:25:03.724077+00:00","event":"persistence.load_measure_edits","section":"Chanson","audio_hash":"ab08e8f9ee3c","view":"Blocs","mode":"Édition","duration_ms":6.925,"status":"ok","result_len":0}
{"ts":"2026-09-14T21:25:03.730341+00:00","event":"persistence.load_lyric_block_edits","section":"Chanson","audio_hash":"ab08e8f9ee3c","view":"Blocs","mode":"Édition","duration_ms":5.27,"status":"ok","result_len":0}
{"ts":"2026-09-14T21:25:03.863598+00:00","event":"ui.dataframe","section":"Chanson","audio_hash":"ab08e8f9ee3c","view":"Blocs","mode":"Édition","duration_ms":22.125,"status":"ok","rows":1}
{"ts":"2026-09-14T21:25:03.879610+00:00","event":"persistence.load_structure_blocks","section":"Chanson","audio_hash":"ab08e8f9ee3c","view":"Blocs","mode":"Édition","duration_ms":8.387,"status":"ok","result_len":10}
{"ts":"2026-09-14T21:25:03.882653+00:00","event":"transcription.extraire_mots","section":"Chanson","audio_hash":"ab08e8f9ee3c","view":"Blocs","mode":"Édition","duration_ms":1.001,"status":"ok","result_len":159}
{"ts":"2026-09-14T21:25:03.884153+00:00","event":"structure.persisted.reuse","section":"Chanson","audio_hash":"ab08e8f9ee3c","view":"Blocs","mode":"Édition","blocks":10,"measures":102,"threshold":0.66}
{"ts":"2026-09-14T21:25:03.890575+00:00","event":"persistence.load_structure_blocks","section":"Chanson","audio_hash":"ab08e8f9ee3c","view":"Blocs","mode":"Édition","duration_ms":5.74,"status":"ok","result_len":10}
{"ts":"2026-09-14T21:25:03.892143+00:00","event":"persistence.materialiser_structure_blocks","section":"Chanson","audio_hash":"ab08e8f9ee3c","view":"Blocs","mode":"Édition","duration_ms":0.731,"status":"ok","result_len":10}
{"ts":"2026-09-14T21:25:03.896257+00:00","event":"lyrics.visual_envelope","section":"Chanson","audio_hash":"ab08e8f9ee3c","view":"Blocs","mode":"Édition","measure_start":0.18575963718820862,"measure_end":268.98095464852605,"visual_start":0.0,"visual_end":268.98095464852605}
{"ts":"2026-09-14T21:25:03.899161+00:00","event":"persistence.load_lyric_block_edits","section":"Chanson","audio_hash":"ab08e8f9ee3c","view":"Blocs","mode":"Édition","duration_ms":1.938,"status":"ok","result_len":0}
{"ts":"2026-09-14T21:25:03.905056+00:00","event":"persistence.effective_lyrics_words_for_sections","section":"Chanson","audio_hash":"ab08e8f9ee3c","view":"Blocs","mode":"Édition","duration_ms":7.844,"status":"ok","result_len":159}
{"ts":"2026-09-14T21:25:03.914985+00:00","event":"persistence.load_structure_blocks","section":"Chanson","audio_hash":"ab08e8f9ee3c","view":"Blocs","mode":"Édition","duration_ms":3.28,"status":"ok","result_len":10}
{"ts":"2026-09-14T21:25:03.918492+00:00","event":"persistence.load_structure_blocks","section":"Chanson","audio_hash":"ab08e8f9ee3c","view":"Blocs","mode":"Édition","duration_ms":2.018,"status":"ok","result_len":10}
{"ts":"2026-09-14T21:25:04.558203+00:00","event":"rerun.start","section":"Chanson","audio_hash":"ab08e8f9ee3c","view":"Blocs","mode":"Édition"}
{"ts":"2026-09-14T21:25:04.598833+00:00","event":"ui.download_button","section":"Chanson","audio_hash":"ab08e8f9ee3c","view":"Blocs","mode":"Édition","duration_ms":1.753,"status":"ok"}
{"ts":"2026-09-14T21:25:04.608526+00:00","event":"ui.image","section":"Chanson","audio_hash":"ab08e8f9ee3c","view":"Blocs","mode":"Édition","duration_ms":1.037,"status":"ok"}
{"ts":"2026-09-14T21:25:04.658920+00:00","event":"ui.analysis_sidebar.load_latest","section":"Chanson","audio_hash":"ab08e8f9ee3c","view":"Blocs","mode":"Édition","duration_ms":12.951,"status":"ok"}
{"ts":"2026-09-14T21:25:04.659690+00:00","event":"ui.analysis_sidebar.state","section":"Chanson","audio_hash":"ab08e8f9ee3c","view":"Blocs","mode":"Édition","fresh_song":false,"edit_mode":true}
{"ts":"2026-09-14T21:25:04.752964+00:00","event":"persistence.list_song_catalog","section":"Chanson","audio_hash":"ab08e8f9ee3c","view":"Blocs","mode":"Édition","duration_ms":1.317,"status":"ok","result_len":4}
{"ts":"2026-09-14T21:25:04.867266+00:00","event":"persistence.load_measure_edits","section":"Chanson","audio_hash":"ab08e8f9ee3c","view":"Blocs","mode":"Édition","duration_ms":1.285,"status":"ok","result_len":0}
{"ts":"2026-09-14T21:25:04.870645+00:00","event":"persistence.load_lyric_block_edits","section":"Chanson","audio_hash":"ab08e8f9ee3c","view":"Blocs","mode":"Édition","duration_ms":2.874,"status":"ok","result_len":0}
{"ts":"2026-09-14T21:25:04.883798+00:00","event":"persistence.load_structure_blocks","section":"Chanson","audio_hash":"ab08e8f9ee3c","view":"Blocs","mode":"Édition","duration_ms":1.622,"status":"ok","result_len":10}
{"ts":"2026-09-14T21:25:04.885796+00:00","event":"persistence.load_structure_blocks","section":"Chanson","audio_hash":"ab08e8f9ee3c","view":"Blocs","mode":"Édition","duration_ms":1.618,"status":"ok","result_len":10}
{"ts":"2026-09-14T21:25:04.903290+00:00","event":"persistence.load_persisted_analysis","section":"Chanson","audio_hash":"ab08e8f9ee3c","view":"Blocs","mode":"Édition","duration_ms":1.159,"status":"ok"}
{"ts":"2026-09-14T21:25:04.912619+00:00","event":"persistence.load_latest_persisted_analysis","section":"Chanson","audio_hash":"ab08e8f9ee3c","view":"Blocs","mode":"Édition","duration_ms":8.985,"status":"ok","result_len":5}
{"ts":"2026-09-14T21:25:04.917581+00:00","event":"persistence.load_measure_edits","section":"Chanson","audio_hash":"ab08e8f9ee3c","view":"Blocs","mode":"Édition","duration_ms":1.439,"status":"ok","result_len":0}
{"ts":"2026-09-14T21:25:04.925383+00:00","event":"persistence.load_measure_edits","section":"Chanson","audio_hash":"ab08e8f9ee3c","view":"Blocs","mode":"Édition","duration_ms":1.602,"status":"ok","result_len":0}
{"ts":"2026-09-14T21:25:04.927864+00:00","event":"persistence.load_lyric_block_edits","section":"Chanson","audio_hash":"ab08e8f9ee3c","view":"Blocs","mode":"Édition","duration_ms":2.019,"status":"ok","result_len":0}
{"ts":"2026-09-14T21:25:04.957625+00:00","event":"ui.dataframe","section":"Chanson","audio_hash":"ab08e8f9ee3c","view":"Blocs","mode":"Édition","duration_ms":3.413,"status":"ok","rows":1}
{"ts":"2026-09-14T21:25:04.960859+00:00","event":"persistence.load_structure_blocks","section":"Chanson","audio_hash":"ab08e8f9ee3c","view":"Blocs","mode":"Édition","duration_ms":1.581,"status":"ok","result_len":10}
{"ts":"2026-09-14T21:25:04.961317+00:00","event":"transcription.extraire_mots","section":"Chanson","audio_hash":"ab08e8f9ee3c","view":"Blocs","mode":"Édition","duration_ms":0.172,"status":"ok","result_len":159}
{"ts":"2026-09-14T21:25:04.961962+00:00","event":"structure.persisted.reuse","section":"Chanson","audio_hash":"ab08e8f9ee3c","view":"Blocs","mode":"Édition","blocks":10,"measures":102,"threshold":0.66}
{"ts":"2026-09-14T21:25:04.964417+00:00","event":"persistence.load_structure_blocks","section":"Chanson","audio_hash":"ab08e8f9ee3c","view":"Blocs","mode":"Édition","duration_ms":1.919,"status":"ok","result_len":10}
{"ts":"2026-09-14T21:25:04.965335+00:00","event":"persistence.materialiser_structure_blocks","section":"Chanson","audio_hash":"ab08e8f9ee3c","view":"Blocs","mode":"Édition","duration_ms":0.415,"status":"ok","result_len":10}
{"ts":"2026-09-14T21:25:04.965664+00:00","event":"lyrics.visual_envelope","section":"Chanson","audio_hash":"ab08e8f9ee3c","view":"Blocs","mode":"Édition","measure_start":0.18575963718820862,"measure_end":268.98095464852605,"visual_start":0.0,"visual_end":268.98095464852605}
{"ts":"2026-09-14T21:25:04.968021+00:00","event":"persistence.load_lyric_block_edits","section":"Chanson","audio_hash":"ab08e8f9ee3c","view":"Blocs","mode":"Édition","duration_ms":2.177,"status":"ok","result_len":0}
{"ts":"2026-09-14T21:25:04.971107+00:00","event":"persistence.effective_lyrics_words_for_sections","section":"Chanson","audio_hash":"ab08e8f9ee3c","view":"Blocs","mode":"Édition","duration_ms":5.261,"status":"ok","result_len":159}
{"ts":"2026-09-14T21:25:04.975864+00:00","event":"persistence.load_structure_blocks","section":"Chanson","audio_hash":"ab08e8f9ee3c","view":"Blocs","mode":"Édition","duration_ms":1.669,"status":"ok","result_len":10}
{"ts":"2026-09-14T21:25:04.989804+00:00","event":"persistence.load_structure_blocks","section":"Chanson","audio_hash":"ab08e8f9ee3c","view":"Blocs","mode":"Édition","duration_ms":1.346,"status":"ok","result_len":10}
{"ts":"2026-09-14T21:25:04.994571+00:00","event":"persistence.load_structure_blocks","section":"Chanson","audio_hash":"ab08e8f9ee3c","view":"Blocs","mode":"Édition","duration_ms":0.902,"status":"ok","result_len":10}
{"ts":"2026-09-14T21:25:04.999475+00:00","event":"persistence.load_lyric_block_edits","section":"Chanson","audio_hash":"ab08e8f9ee3c","view":"Blocs","mode":"Édition","duration_ms":1.705,"status":"ok","result_len":0}
{"ts":"2026-09-14T23:28:11.532580+00:00","event":"probe.install.complete","log_file":"H:\\EZScore\\data\\logs\\ezscore_perf.log"}
{"ts":"2026-09-14T23:28:11.535278+00:00","event":"midi.symbol.exported","exported":true}
{"ts":"2026-09-14T23:28:11.580765+00:00","event":"rerun.start"}
{"ts":"2026-09-14T23:28:11.581238+00:00","event":"rerun.start"}
{"ts":"2026-09-14T23:28:19.084800+00:00","event":"persistence.list_song_catalog","section":"Répertoire","audio_hash":"ab08e8f9ee3c","duration_ms":6.379,"status":"ok","result_len":4}
{"ts":"2026-09-14T23:28:31.786063+00:00","event":"persistence.list_song_catalog","section":"Répertoire","audio_hash":"ab08e8f9ee3c","duration_ms":19.676,"status":"ok","result_len":4}
{"ts":"2026-09-15T00:27:23.380599+00:00","event":"probe.install.complete","log_file":"H:\\EZScore\\data\\logs\\ezscore_perf.log"}
{"ts":"2026-09-15T00:27:23.382644+00:00","event":"midi.symbol.exported","exported":true}
{"ts":"2026-09-15T00:27:23.406996+00:00","event":"rerun.start"}
{"ts":"2026-09-15T00:27:23.407255+00:00","event":"rerun.start"}
{"ts":"2026-09-15T00:27:28.067093+00:00","event":"persistence.list_song_catalog","section":"Répertoire","audio_hash":"ab08e8f9ee3c","duration_ms":6.558,"status":"ok","result_len":4}
{"ts":"2026-09-15T00:27:33.659046+00:00","event":"persistence.list_song_catalog","section":"Répertoire","audio_hash":"ab08e8f9ee3c","duration_ms":4.02,"status":"ok","result_len":4}
{"ts":"2026-09-15T07:04:41.642151+00:00","event":"probe.install.complete","log_file":"H:\\EZScore\\data\\logs\\ezscore_perf.log"}
{"ts":"2026-09-15T07:04:41.644437+00:00","event":"midi.symbol.exported","exported":true}
{"ts":"2026-09-15T07:04:41.653867+00:00","event":"rerun.start"}
{"ts":"2026-09-15T07:04:41.654546+00:00","event":"rerun.start"}
{"ts":"2026-09-15T07:04:41.654687+00:00","event":"rerun.start"}
{"ts":"2026-09-15T07:04:42.516792+00:00","event":"persistence.list_song_catalog","section":"Répertoire","audio_hash":"ab08e8f9ee3c","duration_ms":12.494,"status":"ok","result_len":4}
{"ts":"2026-09-15T07:04:43.388544+00:00","event":"persistence.list_song_catalog","section":"Répertoire","audio_hash":"ab08e8f9ee3c","duration_ms":5.295,"status":"ok","result_len":4}
{"ts":"2026-09-15T07:04:48.925070+00:00","event":"rerun.start"}
{"ts":"2026-09-15T07:04:49.006413+00:00","event":"ui.download_button","duration_ms":2.042,"status":"ok"}
{"ts":"2026-09-15T07:04:49.101107+00:00","event":"persistence.list_song_catalog","section":"Répertoire","audio_hash":"ab08e8f9ee3c","duration_ms":5.145,"status":"ok","result_len":4}
{"ts":"2026-09-15T07:04:49.470775+00:00","event":"ui.image","section":"Répertoire","audio_hash":"ab08e8f9ee3c","duration_ms":287.541,"status":"ok"}
{"ts":"2026-09-15T07:04:49.647543+00:00","event":"ui.image","section":"Répertoire","audio_hash":"ab08e8f9ee3c","duration_ms":28.82,"status":"ok"}
{"ts":"2026-09-15T07:05:02.218251+00:00","event":"rerun.start"}
{"ts":"2026-09-15T07:05:02.274885+00:00","event":"ui.download_button","duration_ms":0.805,"status":"ok"}
{"ts":"2026-09-15T07:05:02.335513+00:00","event":"persistence.list_song_catalog","section":"Répertoire","audio_hash":"ab08e8f9ee3c","duration_ms":5.541,"status":"ok","result_len":4}
{"ts":"2026-09-15T07:05:02.412736+00:00","event":"ui.image","section":"Répertoire","audio_hash":"ab08e8f9ee3c","duration_ms":7.601,"status":"ok"}
{"ts":"2026-09-15T07:05:02.477170+00:00","event":"ui.image","section":"Répertoire","audio_hash":"ab08e8f9ee3c","duration_ms":7.279,"status":"ok"}
{"ts":"2026-09-15T07:05:46.044297+00:00","event":"rerun.start","section":"Répertoire","audio_hash":"ab08e8f9ee3c"}
{"ts":"2026-09-15T07:05:46.060782+00:00","event":"ui.download_button","section":"Répertoire","audio_hash":"ab08e8f9ee3c","duration_ms":1.143,"status":"ok"}
{"ts":"2026-09-15T07:05:46.114963+00:00","event":"persistence.list_song_catalog","section":"Répertoire","audio_hash":"ab08e8f9ee3c","duration_ms":3.057,"status":"ok","result_len":4}
{"ts":"2026-09-15T07:05:46.374452+00:00","event":"ui.image","section":"Répertoire","audio_hash":"ab08e8f9ee3c","duration_ms":5.721,"status":"ok"}
{"ts":"2026-09-15T07:05:46.567984+00:00","event":"rerun.start","section":"Chanson","audio_hash":"ab08e8f9ee3c","view":"Paroles + accords","mode":"Vue"}
{"ts":"2026-09-15T07:05:46.585797+00:00","event":"ui.download_button","section":"Chanson","audio_hash":"ab08e8f9ee3c","view":"Paroles + accords","mode":"Vue","duration_ms":0.766,"status":"ok"}
{"ts":"2026-09-15T07:05:46.591234+00:00","event":"ui.image","section":"Chanson","audio_hash":"ab08e8f9ee3c","view":"Paroles + accords","mode":"Vue","duration_ms":0.413,"status":"ok"}
{"ts":"2026-09-15T07:05:46.611431+00:00","event":"ui.analysis_sidebar.load_latest","section":"Chanson","audio_hash":"ab08e8f9ee3c","view":"Paroles + accords","mode":"Vue","duration_ms":4.887,"status":"ok"}
{"ts":"2026-09-15T07:05:46.611700+00:00","event":"ui.analysis_sidebar.state","section":"Chanson","audio_hash":"ab08e8f9ee3c","view":"Paroles + accords","mode":"Vue","fresh_song":false,"edit_mode":false}
{"ts":"2026-09-15T07:05:46.644574+00:00","event":"persistence.list_song_catalog","section":"Chanson","audio_hash":"ab08e8f9ee3c","view":"Paroles + accords","mode":"Vue","duration_ms":1.245,"status":"ok","result_len":4}
{"ts":"2026-09-15T07:05:46.731050+00:00","event":"persistence.load_measure_edits","section":"Chanson","audio_hash":"ab08e8f9ee3c","view":"Paroles + accords","mode":"Vue","duration_ms":2.044,"status":"ok","result_len":0}
{"ts":"2026-09-15T07:05:46.734006+00:00","event":"persistence.load_lyric_block_edits","section":"Chanson","audio_hash":"ab08e8f9ee3c","view":"Paroles + accords","mode":"Vue","duration_ms":2.525,"status":"ok","result_len":0}
{"ts":"2026-09-15T07:05:46.736437+00:00","event":"persistence.load_structure_blocks","section":"Chanson","audio_hash":"ab08e8f9ee3c","view":"Paroles + accords","mode":"Vue","duration_ms":1.65,"status":"ok","result_len":0}
{"ts":"2026-09-15T07:05:46.768470+00:00","event":"persistence.load_persisted_analysis","section":"Chanson","audio_hash":"ab08e8f9ee3c","view":"Paroles + accords","mode":"Vue","duration_ms":14.015,"status":"ok","result_len":2}
{"ts":"2026-09-15T07:05:46.778188+00:00","event":"persistence.load_latest_persisted_analysis","section":"Chanson","audio_hash":"ab08e8f9ee3c","view":"Paroles + accords","mode":"Vue","duration_ms":9.253,"status":"ok","result_len":5}
{"ts":"2026-09-15T07:05:46.780831+00:00","event":"persistence.load_measure_edits","section":"Chanson","audio_hash":"ab08e8f9ee3c","view":"Paroles + accords","mode":"Vue","duration_ms":0.927,"status":"ok","result_len":0}
{"ts":"2026-09-15T07:05:46.783749+00:00","event":"persistence.load_measure_edits","section":"Chanson","audio_hash":"ab08e8f9ee3c","view":"Paroles + accords","mode":"Vue","duration_ms":0.748,"status":"ok","result_len":0}
{"ts":"2026-09-15T07:05:46.785322+00:00","event":"persistence.load_lyric_block_edits","section":"Chanson","audio_hash":"ab08e8f9ee3c","view":"Paroles + accords","mode":"Vue","duration_ms":1.266,"status":"ok","result_len":0}
{"ts":"2026-09-15T07:05:46.807698+00:00","event":"persistence.load_structure_blocks","section":"Chanson","audio_hash":"ab08e8f9ee3c","view":"Paroles + accords","mode":"Vue","duration_ms":1.544,"status":"ok","result_len":0}
{"ts":"2026-09-15T07:05:50.904508+00:00","event":"rerun.start","section":"Chanson","audio_hash":"ab08e8f9ee3c","view":"Analyse","mode":"Vue"}
{"ts":"2026-09-15T07:05:55.492350+00:00","event":"ui.download_button","section":"Chanson","audio_hash":"ab08e8f9ee3c","view":"Analyse","mode":"Vue","duration_ms":46.707,"status":"ok"}
{"ts":"2026-09-15T07:05:56.664533+00:00","event":"ui.image","section":"Chanson","audio_hash":"ab08e8f9ee3c","view":"Analyse","mode":"Vue","duration_ms":0.583,"status":"ok"}
{"ts":"2026-09-15T07:05:56.825068+00:00","event":"ui.analysis_sidebar.load_latest","section":"Chanson","audio_hash":"ab08e8f9ee3c","view":"Analyse","mode":"Vue","duration_ms":4.602,"status":"ok"}
{"ts":"2026-09-15T07:05:56.825350+00:00","event":"ui.analysis_sidebar.state","section":"Chanson","audio_hash":"ab08e8f9ee3c","view":"Analyse","mode":"Vue","fresh_song":false,"edit_mode":false}
{"ts":"2026-09-15T07:05:56.843255+00:00","event":"persistence.list_song_catalog","section":"Chanson","audio_hash":"ab08e8f9ee3c","view":"Analyse","mode":"Vue","duration_ms":0.621,"status":"ok","result_len":4}
{"ts":"2026-09-15T07:05:56.888967+00:00","event":"persistence.load_measure_edits","section":"Chanson","audio_hash":"ab08e8f9ee3c","view":"Analyse","mode":"Vue","duration_ms":0.992,"status":"ok","result_len":0}
{"ts":"2026-09-15T07:05:56.890871+00:00","event":"persistence.load_lyric_block_edits","section":"Chanson","audio_hash":"ab08e8f9ee3c","view":"Analyse","mode":"Vue","duration_ms":1.498,"status":"ok","result_len":0}
{"ts":"2026-09-15T07:05:56.892240+00:00","event":"persistence.load_structure_blocks","section":"Chanson","audio_hash":"ab08e8f9ee3c","view":"Analyse","mode":"Vue","duration_ms":1.104,"status":"ok","result_len":0}
{"ts":"2026-09-15T07:05:56.911128+00:00","event":"persistence.load_persisted_analysis","section":"Chanson","audio_hash":"ab08e8f9ee3c","view":"Analyse","mode":"Vue","duration_ms":9.943,"status":"ok","result_len":2}
{"ts":"2026-09-15T07:05:56.917083+00:00","event":"persistence.load_latest_persisted_analysis","section":"Chanson","audio_hash":"ab08e8f9ee3c","view":"Analyse","mode":"Vue","duration_ms":5.001,"status":"ok","result_len":5}
{"ts":"2026-09-15T07:05:56.919242+00:00","event":"persistence.load_measure_edits","section":"Chanson","audio_hash":"ab08e8f9ee3c","view":"Analyse","mode":"Vue","duration_ms":0.586,"status":"ok","result_len":0}
{"ts":"2026-09-15T07:05:56.922295+00:00","event":"persistence.load_measure_edits","section":"Chanson","audio_hash":"ab08e8f9ee3c","view":"Analyse","mode":"Vue","duration_ms":0.724,"status":"ok","result_len":0}
{"ts":"2026-09-15T07:05:56.923735+00:00","event":"persistence.load_lyric_block_edits","section":"Chanson","audio_hash":"ab08e8f9ee3c","view":"Analyse","mode":"Vue","duration_ms":1.203,"status":"ok","result_len":0}
{"ts":"2026-09-15T07:05:56.943031+00:00","event":"persistence.load_structure_blocks","section":"Chanson","audio_hash":"ab08e8f9ee3c","view":"Analyse","mode":"Vue","duration_ms":1.111,"status":"ok","result_len":0}
{"ts":"2026-09-15T07:06:08.252682+00:00","event":"transcription.detecter_sections_structurelles","section":"Chanson","audio_hash":"ab08e8f9ee3c","view":"Analyse","mode":"Vue","duration_ms":11309.386,"status":"ok","result_len":10}
{"ts":"2026-09-15T07:06:08.253112+00:00","event":"structure.r33.compute","section":"Chanson","audio_hash":"ab08e8f9ee3c","view":"Analyse","mode":"Vue","duration_ms":11309.836,"status":"ok","measures":102,"threshold":0.66}
{"ts":"2026-09-15T07:06:08.254049+00:00","event":"persistence.load_structure_blocks","section":"Chanson","audio_hash":"ab08e8f9ee3c","view":"Analyse","mode":"Vue","duration_ms":0.713,"status":"ok","result_len":0}
{"ts":"2026-09-15T07:06:08.265792+00:00","event":"persistence.materialiser_structure_blocks","section":"Chanson","audio_hash":"ab08e8f9ee3c","view":"Analyse","mode":"Vue","duration_ms":0.19,"status":"ok","result_len":10}
{"ts":"2026-09-15T07:06:08.266101+00:00","event":"lyrics.visual_envelope","section":"Chanson","audio_hash":"ab08e8f9ee3c","view":"Analyse","mode":"Vue","measure_start":0.18575963718820862,"measure_end":268.98095464852605,"visual_start":0.0,"visual_end":268.98095464852605}
{"ts":"2026-09-15T07:06:08.269671+00:00","event":"persistence.load_lyric_block_edits","section":"Chanson","audio_hash":"ab08e8f9ee3c","view":"Analyse","mode":"Vue","duration_ms":3.426,"status":"ok","result_len":0}
{"ts":"2026-09-15T07:06:08.271439+00:00","event":"persistence.effective_lyrics_words_for_sections","section":"Chanson","audio_hash":"ab08e8f9ee3c","view":"Analyse","mode":"Vue","duration_ms":5.197,"status":"ok","result_len":159}
{"ts":"2026-09-15T07:06:08.279830+00:00","event":"timeline.chord_regions","section":"Chanson","audio_hash":"ab08e8f9ee3c","view":"Analyse","mode":"Vue","duration_ms":0.304,"status":"ok","result_len":108}
{"ts":"2026-09-15T07:06:13.008323+00:00","event":"rerun.start","section":"Répertoire","audio_hash":"ab08e8f9ee3c"}
{"ts":"2026-09-15T07:06:13.139172+00:00","event":"rerun.start","section":"Compte","audio_hash":"ab08e8f9ee3c"}
{"ts":"2026-09-15T07:06:24.044686+00:00","event":"timeline.waveform_preview_cache","section":"Chanson","audio_hash":"ab08e8f9ee3c","view":"Analyse","mode":"Vue","duration_ms":15764.573,"status":"ok","waveform_points":1400}
{"ts":"2026-09-15T07:06:24.045121+00:00","event":"timeline.chord_regions","section":"Chanson","audio_hash":"ab08e8f9ee3c","view":"Analyse","mode":"Vue","duration_ms":0.177,"status":"ok","result_len":108}
{"ts":"2026-09-15T07:06:24.279715+00:00","event":"timeline.render.summary","section":"Chanson","audio_hash":"ab08e8f9ee3c","view":"Analyse","mode":"Vue","beats":405,"regions":108,"waveform_points":1400,"plotly_traces":4}
{"ts":"2026-09-15T07:06:24.279999+00:00","event":"timeline.create_harmonic_timeline","section":"Chanson","audio_hash":"ab08e8f9ee3c","view":"Analyse","mode":"Vue","duration_ms":15999.891,"status":"ok","plotly_traces":4}
{"ts":"2026-09-15T07:06:24.296799+00:00","event":"ui.plotly_chart","section":"Chanson","audio_hash":"ab08e8f9ee3c","view":"Analyse","mode":"Vue","duration_ms":16.449,"status":"ok","plotly_traces":4}
{"ts":"2026-09-15T07:06:24.308991+00:00","event":"persistence.list_song_catalog","section":"Chanson","audio_hash":"ab08e8f9ee3c","view":"Analyse","mode":"Vue","duration_ms":1.265,"status":"ok","result_len":4}
{"ts":"2026-09-15T07:06:24.322177+00:00","event":"analysis.player.build_events","section":"Chanson","audio_hash":"ab08e8f9ee3c","view":"Analyse","mode":"Vue","duration_ms":4.666,"status":"ok","beats":405,"program":27}
{"ts":"2026-09-15T07:06:24.468116+00:00","event":"rerun.start","section":"Compte","audio_hash":"ab08e8f9ee3c"}
{"ts":"2026-09-15T07:06:24.513324+00:00","event":"analysis.player.render","section":"Chanson","audio_hash":"ab08e8f9ee3c","view":"Analyse","mode":"Vue","duration_ms":189.985,"status":"ok","chord_events":2431,"vocal_events":0,"audio_bytes":6644333}
{"ts":"2026-09-15T07:06:24.536118+00:00","event":"midi.build_midi_file.bridge","section":"Chanson","audio_hash":"ab08e8f9ee3c","view":"Analyse","mode":"Vue","duration_ms":238.001,"bytes":10584}
{"ts":"2026-09-15T07:06:24.540172+00:00","event":"ui.download_button","section":"Chanson","audio_hash":"ab08e8f9ee3c","view":"Analyse","mode":"Vue","duration_ms":1.312,"status":"ok"}
{"ts":"2026-09-15T07:06:24.542902+00:00","event":"transcription.extraire_mots","section":"Chanson","audio_hash":"ab08e8f9ee3c","view":"Analyse","mode":"Vue","duration_ms":0.174,"status":"ok","result_len":159}
{"ts":"2026-09-15T07:06:24.547802+00:00","event":"transcription.construire_timeline_phonetique","section":"Chanson","audio_hash":"ab08e8f9ee3c","view":"Analyse","mode":"Vue","duration_ms":5.073,"status":"ok","result_len":159}
{"ts":"2026-09-15T07:06:24.549639+00:00","event":"transcription.construire_groupes_phonetiques","section":"Chanson","audio_hash":"ab08e8f9ee3c","view":"Analyse","mode":"Vue","duration_ms":0.47,"status":"ok","result_len":145}
{"ts":"2026-09-15T07:06:24.648516+00:00","event":"ui.dataframe","section":"Chanson","audio_hash":"ab08e8f9ee3c","view":"Analyse","mode":"Vue","duration_ms":37.782,"status":"ok","rows":24}
{"ts":"2026-09-15T07:06:24.665255+00:00","event":"persistence.load_measure_edits","section":"Chanson","audio_hash":"ab08e8f9ee3c","view":"Analyse","mode":"Vue","duration_ms":3.416,"status":"ok","result_len":0}
{"ts":"2026-09-15T07:06:25.151843+00:00","event":"rerun.start","section":"Répertoire","audio_hash":"ab08e8f9ee3c"}
{"ts":"2026-09-15T07:06:25.174017+00:00","event":"ui.download_button","section":"Répertoire","audio_hash":"ab08e8f9ee3c","duration_ms":1.136,"status":"ok"}
{"ts":"2026-09-15T07:06:25.240996+00:00","event":"persistence.list_song_catalog","section":"Répertoire","audio_hash":"ab08e8f9ee3c","duration_ms":4.558,"status":"ok","result_len":4}
{"ts":"2026-09-15T07:06:25.311015+00:00","event":"ui.image","section":"Répertoire","audio_hash":"ab08e8f9ee3c","duration_ms":5.632,"status":"ok"}
{"ts":"2026-09-15T07:06:25.376190+00:00","event":"ui.image","section":"Répertoire","audio_hash":"ab08e8f9ee3c","duration_ms":6.228,"status":"ok"}
{"ts":"2026-09-15T07:06:55.905940+00:00","event":"rerun.start","section":"Chanson","audio_hash":"ab08e8f9ee3c","view":"Analyse","mode":"Vue"}
{"ts":"2026-09-15T07:06:55.922717+00:00","event":"ui.download_button","section":"Chanson","audio_hash":"ab08e8f9ee3c","view":"Analyse","mode":"Vue","duration_ms":1.038,"status":"ok"}
{"ts":"2026-09-15T07:06:55.928700+00:00","event":"ui.image","section":"Chanson","audio_hash":"ab08e8f9ee3c","view":"Analyse","mode":"Vue","duration_ms":0.41,"status":"ok"}
{"ts":"2026-09-15T07:06:55.947824+00:00","event":"ui.analysis_sidebar.load_latest","section":"Chanson","audio_hash":"ab08e8f9ee3c","view":"Analyse","mode":"Vue","duration_ms":5.087,"status":"ok"}
{"ts":"2026-09-15T07:06:55.948116+00:00","event":"ui.analysis_sidebar.state","section":"Chanson","audio_hash":"ab08e8f9ee3c","view":"Analyse","mode":"Vue","fresh_song":false,"edit_mode":false}
{"ts":"2026-09-15T07:06:55.967067+00:00","event":"persistence.list_song_catalog","section":"Chanson","audio_hash":"ab08e8f9ee3c","view":"Analyse","mode":"Vue","duration_ms":0.636,"status":"ok","result_len":4}
{"ts":"2026-09-15T07:06:56.007275+00:00","event":"persistence.load_measure_edits","section":"Chanson","audio_hash":"ab08e8f9ee3c","view":"Analyse","mode":"Vue","duration_ms":1.461,"status":"ok","result_len":0}
{"ts":"2026-09-15T07:06:56.008810+00:00","event":"persistence.load_lyric_block_edits","section":"Chanson","audio_hash":"ab08e8f9ee3c","view":"Analyse","mode":"Vue","duration_ms":1.304,"status":"ok","result_len":0}
{"ts":"2026-09-15T07:06:56.009831+00:00","event":"persistence.load_structure_blocks","section":"Chanson","audio_hash":"ab08e8f9ee3c","view":"Analyse","mode":"Vue","duration_ms":0.801,"status":"ok","result_len":10}
{"ts":"2026-09-15T07:06:56.037700+00:00","event":"persistence.load_persisted_analysis","section":"Chanson","audio_hash":"ab08e8f9ee3c","view":"Analyse","mode":"Vue","duration_ms":20.424,"status":"ok","result_len":2}
{"ts":"2026-09-15T07:06:56.046334+00:00","event":"persistence.load_latest_persisted_analysis","section":"Chanson","audio_hash":"ab08e8f9ee3c","view":"Analyse","mode":"Vue","duration_ms":8.126,"status":"ok","result_len":5}
{"ts":"2026-09-15T07:06:56.050070+00:00","event":"persistence.load_measure_edits","section":"Chanson","audio_hash":"ab08e8f9ee3c","view":"Analyse","mode":"Vue","duration_ms":0.714,"status":"ok","result_len":0}
{"ts":"2026-09-15T07:06:56.051461+00:00","event":"persistence.load_measure_edits","section":"Chanson","audio_hash":"ab08e8f9ee3c","view":"Analyse","mode":"Vue","duration_ms":0.648,"status":"ok","result_len":0}
{"ts":"2026-09-15T07:06:56.053175+00:00","event":"persistence.load_lyric_block_edits","section":"Chanson","audio_hash":"ab08e8f9ee3c","view":"Analyse","mode":"Vue","duration_ms":1.388,"status":"ok","result_len":0}
{"ts":"2026-09-15T07:06:56.074300+00:00","event":"persistence.load_structure_blocks","section":"Chanson","audio_hash":"ab08e8f9ee3c","view":"Analyse","mode":"Vue","duration_ms":1.655,"status":"ok","result_len":10}
{"ts":"2026-09-15T07:06:56.074989+00:00","event":"transcription.extraire_mots","section":"Chanson","audio_hash":"ab08e8f9ee3c","view":"Analyse","mode":"Vue","duration_ms":0.373,"status":"ok","result_len":159}
{"ts":"2026-09-15T07:06:56.076238+00:00","event":"structure.persisted.reuse","section":"Chanson","audio_hash":"ab08e8f9ee3c","view":"Analyse","mode":"Vue","blocks":10,"measures":102,"threshold":0.66}
{"ts":"2026-09-15T07:06:56.077741+00:00","event":"persistence.load_structure_blocks","section":"Chanson","audio_hash":"ab08e8f9ee3c","view":"Analyse","mode":"Vue","duration_ms":1.092,"status":"ok","result_len":10}
{"ts":"2026-09-15T07:06:56.078163+00:00","event":"persistence.materialiser_structure_blocks","section":"Chanson","audio_hash":"ab08e8f9ee3c","view":"Analyse","mode":"Vue","duration_ms":0.18,"status":"ok","result_len":10}
{"ts":"2026-09-15T07:06:56.078408+00:00","event":"lyrics.visual_envelope","section":"Chanson","audio_hash":"ab08e8f9ee3c","view":"Analyse","mode":"Vue","measure_start":0.18575963718820862,"measure_end":268.98095464852605,"visual_start":0.0,"visual_end":268.98095464852605}
{"ts":"2026-09-15T07:06:56.079815+00:00","event":"persistence.load_lyric_block_edits","section":"Chanson","audio_hash":"ab08e8f9ee3c","view":"Analyse","mode":"Vue","duration_ms":1.265,"status":"ok","result_len":0}
{"ts":"2026-09-15T07:06:56.081516+00:00","event":"persistence.effective_lyrics_words_for_sections","section":"Chanson","audio_hash":"ab08e8f9ee3c","view":"Analyse","mode":"Vue","duration_ms":2.97,"status":"ok","result_len":159}
{"ts":"2026-09-15T07:06:56.084072+00:00","event":"timeline.chord_regions","section":"Chanson","audio_hash":"ab08e8f9ee3c","view":"Analyse","mode":"Vue","duration_ms":0.207,"status":"ok","result_len":108}
{"ts":"2026-09-15T07:06:56.100684+00:00","event":"timeline.waveform_preview_cache","section":"Chanson","audio_hash":"ab08e8f9ee3c","view":"Analyse","mode":"Vue","duration_ms":15.898,"status":"ok","waveform_points":1400}
{"ts":"2026-09-15T07:06:56.101396+00:00","event":"timeline.chord_regions","section":"Chanson","audio_hash":"ab08e8f9ee3c","view":"Analyse","mode":"Vue","duration_ms":0.291,"status":"ok","result_len":108}
{"ts":"2026-09-15T07:06:56.217896+00:00","event":"timeline.render.summary","section":"Chanson","audio_hash":"ab08e8f9ee3c","view":"Analyse","mode":"Vue","beats":405,"regions":108,"waveform_points":1400,"plotly_traces":4}
{"ts":"2026-09-15T07:06:56.218194+00:00","event":"timeline.create_harmonic_timeline","section":"Chanson","audio_hash":"ab08e8f9ee3c","view":"Analyse","mode":"Vue","duration_ms":133.419,"status":"ok","plotly_traces":4}
{"ts":"2026-09-15T07:06:56.226682+00:00","event":"ui.plotly_chart","section":"Chanson","audio_hash":"ab08e8f9ee3c","view":"Analyse","mode":"Vue","duration_ms":8.181,"status":"ok","plotly_traces":4}
{"ts":"2026-09-15T07:06:56.239088+00:00","event":"persistence.list_song_catalog","section":"Chanson","audio_hash":"ab08e8f9ee3c","view":"Analyse","mode":"Vue","duration_ms":1.047,"status":"ok","result_len":4}
{"ts":"2026-09-15T07:06:56.249604+00:00","event":"analysis.player.build_events","section":"Chanson","audio_hash":"ab08e8f9ee3c","view":"Analyse","mode":"Vue","duration_ms":6.138,"status":"ok","beats":405,"program":0}
{"ts":"2026-09-15T07:06:56.410922+00:00","event":"analysis.player.render","section":"Chanson","audio_hash":"ab08e8f9ee3c","view":"Analyse","mode":"Vue","duration_ms":160.39,"status":"ok","chord_events":2431,"vocal_events":0,"audio_bytes":6644333}
{"ts":"2026-09-15T07:06:56.427094+00:00","event":"midi.build_midi_file.bridge","section":"Chanson","audio_hash":"ab08e8f9ee3c","view":"Analyse","mode":"Vue","duration_ms":199.479,"bytes":10584}
{"ts":"2026-09-15T07:06:56.431611+00:00","event":"ui.download_button","section":"Chanson","audio_hash":"ab08e8f9ee3c","view":"Analyse","mode":"Vue","duration_ms":0.724,"status":"ok"}
{"ts":"2026-09-15T07:06:56.433557+00:00","event":"transcription.extraire_mots","section":"Chanson","audio_hash":"ab08e8f9ee3c","view":"Analyse","mode":"Vue","duration_ms":0.138,"status":"ok","result_len":159}
{"ts":"2026-09-15T07:06:56.437028+00:00","event":"transcription.construire_timeline_phonetique","section":"Chanson","audio_hash":"ab08e8f9ee3c","view":"Analyse","mode":"Vue","duration_ms":3.603,"status":"ok","result_len":159}
{"ts":"2026-09-15T07:06:56.439007+00:00","event":"transcription.construire_groupes_phonetiques","section":"Chanson","audio_hash":"ab08e8f9ee3c","view":"Analyse","mode":"Vue","duration_ms":0.56,"status":"ok","result_len":145}
{"ts":"2026-09-15T07:06:56.444993+00:00","event":"ui.dataframe","section":"Chanson","audio_hash":"ab08e8f9ee3c","view":"Analyse","mode":"Vue","duration_ms":4.519,"status":"ok","rows":24}
{"ts":"2026-09-15T07:06:56.459975+00:00","event":"persistence.load_measure_edits","section":"Chanson","audio_hash":"ab08e8f9ee3c","view":"Analyse","mode":"Vue","duration_ms":2.632,"status":"ok","result_len":0}
{"ts":"2026-09-15T07:07:57.618742+00:00","event":"rerun.start","section":"Chanson","audio_hash":"ab08e8f9ee3c","view":"Analyse","mode":"Vue"}
{"ts":"2026-09-15T07:07:57.638914+00:00","event":"ui.download_button","section":"Chanson","audio_hash":"ab08e8f9ee3c","view":"Analyse","mode":"Vue","duration_ms":0.958,"status":"ok"}
{"ts":"2026-09-15T07:07:57.648893+00:00","event":"ui.image","section":"Chanson","audio_hash":"ab08e8f9ee3c","view":"Analyse","mode":"Vue","duration_ms":0.53,"status":"ok"}
{"ts":"2026-09-15T07:07:57.671984+00:00","event":"ui.analysis_sidebar.load_latest","section":"Chanson","audio_hash":"ab08e8f9ee3c","view":"Analyse","mode":"Vue","duration_ms":5.467,"status":"ok"}
{"ts":"2026-09-15T07:07:57.672435+00:00","event":"ui.analysis_sidebar.state","section":"Chanson","audio_hash":"ab08e8f9ee3c","view":"Analyse","mode":"Vue","fresh_song":false,"edit_mode":false}
{"ts":"2026-09-15T07:07:57.691148+00:00","event":"persistence.list_song_catalog","section":"Chanson","audio_hash":"ab08e8f9ee3c","view":"Analyse","mode":"Vue","duration_ms":0.636,"status":"ok","result_len":4}
{"ts":"2026-09-15T07:07:57.748710+00:00","event":"persistence.load_measure_edits","section":"Chanson","audio_hash":"ab08e8f9ee3c","view":"Analyse","mode":"Vue","duration_ms":1.358,"status":"ok","result_len":0}
{"ts":"2026-09-15T07:07:57.751458+00:00","event":"persistence.load_lyric_block_edits","section":"Chanson","audio_hash":"ab08e8f9ee3c","view":"Analyse","mode":"Vue","duration_ms":2.289,"status":"ok","result_len":0}
{"ts":"2026-09-15T07:07:57.753162+00:00","event":"persistence.load_structure_blocks","section":"Chanson","audio_hash":"ab08e8f9ee3c","view":"Analyse","mode":"Vue","duration_ms":1.137,"status":"ok","result_len":10}
{"ts":"2026-09-15T07:07:58.088159+00:00","event":"persistence.load_persisted_analysis","section":"Chanson","audio_hash":"ab08e8f9ee3c","view":"Analyse","mode":"Vue","duration_ms":4.479,"status":"ok","result_len":2}
{"ts":"2026-09-15T07:07:58.093185+00:00","event":"persistence.load_latest_persisted_analysis","section":"Chanson","audio_hash":"ab08e8f9ee3c","view":"Analyse","mode":"Vue","duration_ms":4.696,"status":"ok","result_len":5}
{"ts":"2026-09-15T07:07:58.095932+00:00","event":"persistence.load_measure_edits","section":"Chanson","audio_hash":"ab08e8f9ee3c","view":"Analyse","mode":"Vue","duration_ms":0.551,"status":"ok","result_len":0}
{"ts":"2026-09-15T07:07:58.097078+00:00","event":"persistence.load_measure_edits","section":"Chanson","audio_hash":"ab08e8f9ee3c","view":"Analyse","mode":"Vue","duration_ms":0.534,"status":"ok","result_len":0}
{"ts":"2026-09-15T07:07:58.098919+00:00","event":"persistence.load_lyric_block_edits","section":"Chanson","audio_hash":"ab08e8f9ee3c","view":"Analyse","mode":"Vue","duration_ms":1.683,"status":"ok","result_len":0}
{"ts":"2026-09-15T07:07:58.115491+00:00","event":"persistence.load_structure_blocks","section":"Chanson","audio_hash":"ab08e8f9ee3c","view":"Analyse","mode":"Vue","duration_ms":1.337,"status":"ok","result_len":10}
{"ts":"2026-09-15T07:07:58.115996+00:00","event":"transcription.extraire_mots","section":"Chanson","audio_hash":"ab08e8f9ee3c","view":"Analyse","mode":"Vue","duration_ms":0.191,"status":"ok","result_len":159}
{"ts":"2026-09-15T07:07:58.116423+00:00","event":"structure.persisted.reuse","section":"Chanson","audio_hash":"ab08e8f9ee3c","view":"Analyse","mode":"Vue","blocks":10,"measures":102,"threshold":0.66}
{"ts":"2026-09-15T07:07:58.117624+00:00","event":"persistence.load_structure_blocks","section":"Chanson","audio_hash":"ab08e8f9ee3c","view":"Analyse","mode":"Vue","duration_ms":0.967,"status":"ok","result_len":10}
{"ts":"2026-09-15T07:07:58.118072+00:00","event":"persistence.materialiser_structure_blocks","section":"Chanson","audio_hash":"ab08e8f9ee3c","view":"Analyse","mode":"Vue","duration_ms":0.167,"status":"ok","result_len":10}
{"ts":"2026-09-15T07:07:58.118511+00:00","event":"lyrics.visual_envelope","section":"Chanson","audio_hash":"ab08e8f9ee3c","view":"Analyse","mode":"Vue","measure_start":0.18575963718820862,"measure_end":268.98095464852605,"visual_start":0.0,"visual_end":268.98095464852605}
{"ts":"2026-09-15T07:07:58.121142+00:00","event":"persistence.load_lyric_block_edits","section":"Chanson","audio_hash":"ab08e8f9ee3c","view":"Analyse","mode":"Vue","duration_ms":2.262,"status":"ok","result_len":0}
{"ts":"2026-09-15T07:07:58.122913+00:00","event":"persistence.effective_lyrics_words_for_sections","section":"Chanson","audio_hash":"ab08e8f9ee3c","view":"Analyse","mode":"Vue","duration_ms":4.041,"status":"ok","result_len":159}
{"ts":"2026-09-15T07:07:58.125043+00:00","event":"timeline.chord_regions","section":"Chanson","audio_hash":"ab08e8f9ee3c","view":"Analyse","mode":"Vue","duration_ms":0.172,"status":"ok","result_len":108}
{"ts":"2026-09-15T07:07:58.140513+00:00","event":"timeline.waveform_preview_cache","section":"Chanson","audio_hash":"ab08e8f9ee3c","view":"Analyse","mode":"Vue","duration_ms":15.041,"status":"ok","waveform_points":1400}
{"ts":"2026-09-15T07:07:58.141017+00:00","event":"timeline.chord_regions","section":"Chanson","audio_hash":"ab08e8f9ee3c","view":"Analyse","mode":"Vue","duration_ms":0.172,"status":"ok","result_len":108}
{"ts":"2026-09-15T07:07:58.322768+00:00","event":"timeline.render.summary","section":"Chanson","audio_hash":"ab08e8f9ee3c","view":"Analyse","mode":"Vue","beats":405,"regions":108,"waveform_points":1400,"plotly_traces":4}
{"ts":"2026-09-15T07:07:58.323607+00:00","event":"timeline.create_harmonic_timeline","section":"Chanson","audio_hash":"ab08e8f9ee3c","view":"Analyse","mode":"Vue","duration_ms":198.145,"status":"ok","plotly_traces":4}
{"ts":"2026-09-15T07:07:58.335871+00:00","event":"ui.plotly_chart","section":"Chanson","audio_hash":"ab08e8f9ee3c","view":"Analyse","mode":"Vue","duration_ms":11.82,"status":"ok","plotly_traces":4}
{"ts":"2026-09-15T07:07:58.357775+00:00","event":"persistence.list_song_catalog","section":"Chanson","audio_hash":"ab08e8f9ee3c","view":"Analyse","mode":"Vue","duration_ms":2.957,"status":"ok","result_len":4}
{"ts":"2026-09-15T07:07:58.382733+00:00","event":"analysis.player.build_events","section":"Chanson","audio_hash":"ab08e8f9ee3c","view":"Analyse","mode":"Vue","duration_ms":14.99,"status":"ok","beats":405,"program":0}
{"ts":"2026-09-15T07:07:58.693784+00:00","event":"analysis.player.render","section":"Chanson","audio_hash":"ab08e8f9ee3c","view":"Analyse","mode":"Vue","duration_ms":307.629,"status":"ok","chord_events":2431,"vocal_events":0,"audio_bytes":6644333}
{"ts":"2026-09-15T07:13:46.515918+00:00","event":"rerun.start","section":"Chanson","audio_hash":"ab08e8f9ee3c","view":"Analyse","mode":"Vue"}
{"ts":"2026-09-15T07:13:46.874063+00:00","event":"ui.download_button","section":"Chanson","audio_hash":"ab08e8f9ee3c","view":"Analyse","mode":"Vue","duration_ms":1.322,"status":"ok"}
{"ts":"2026-09-15T07:13:46.889419+00:00","event":"ui.image","section":"Chanson","audio_hash":"ab08e8f9ee3c","view":"Analyse","mode":"Vue","duration_ms":0.55,"status":"ok"}
{"ts":"2026-09-15T07:13:46.922392+00:00","event":"ui.analysis_sidebar.load_latest","section":"Chanson","audio_hash":"ab08e8f9ee3c","view":"Analyse","mode":"Vue","duration_ms":7.419,"status":"ok"}
{"ts":"2026-09-15T07:13:46.922926+00:00","event":"ui.analysis_sidebar.state","section":"Chanson","audio_hash":"ab08e8f9ee3c","view":"Analyse","mode":"Vue","fresh_song":false,"edit_mode":false}
{"ts":"2026-09-15T07:13:46.956012+00:00","event":"persistence.list_song_catalog","section":"Chanson","audio_hash":"ab08e8f9ee3c","view":"Analyse","mode":"Vue","duration_ms":1.03,"status":"ok","result_len":4}
{"ts":"2026-09-15T07:13:47.037011+00:00","event":"persistence.load_measure_edits","section":"Chanson","audio_hash":"ab08e8f9ee3c","view":"Analyse","mode":"Vue","duration_ms":0.786,"status":"ok","result_len":0}
{"ts":"2026-09-15T07:13:47.039232+00:00","event":"persistence.load_lyric_block_edits","section":"Chanson","audio_hash":"ab08e8f9ee3c","view":"Analyse","mode":"Vue","duration_ms":1.853,"status":"ok","result_len":0}
{"ts":"2026-09-15T07:13:47.041507+00:00","event":"persistence.load_structure_blocks","section":"Chanson","audio_hash":"ab08e8f9ee3c","view":"Analyse","mode":"Vue","duration_ms":1.495,"status":"ok","result_len":10}
{"ts":"2026-09-15T07:13:47.068280+00:00","event":"persistence.load_persisted_analysis","section":"Chanson","audio_hash":"ab08e8f9ee3c","view":"Analyse","mode":"Vue","duration_ms":5.431,"status":"ok","result_len":2}
{"ts":"2026-09-15T07:13:47.079716+00:00","event":"persistence.load_latest_persisted_analysis","section":"Chanson","audio_hash":"ab08e8f9ee3c","view":"Analyse","mode":"Vue","duration_ms":10.572,"status":"ok","result_len":5}
{"ts":"2026-09-15T07:13:47.084570+00:00","event":"persistence.load_measure_edits","section":"Chanson","audio_hash":"ab08e8f9ee3c","view":"Analyse","mode":"Vue","duration_ms":1.162,"status":"ok","result_len":0}
{"ts":"2026-09-15T07:13:47.087210+00:00","event":"persistence.load_measure_edits","section":"Chanson","audio_hash":"ab08e8f9ee3c","view":"Analyse","mode":"Vue","duration_ms":1.499,"status":"ok","result_len":0}
{"ts":"2026-09-15T07:13:47.088916+00:00","event":"persistence.load_lyric_block_edits","section":"Chanson","audio_hash":"ab08e8f9ee3c","view":"Analyse","mode":"Vue","duration_ms":1.382,"status":"ok","result_len":0}
{"ts":"2026-09-15T07:13:47.112447+00:00","event":"persistence.load_structure_blocks","section":"Chanson","audio_hash":"ab08e8f9ee3c","view":"Analyse","mode":"Vue","duration_ms":2.751,"status":"ok","result_len":10}
{"ts":"2026-09-15T07:13:47.112976+00:00","event":"transcription.extraire_mots","section":"Chanson","audio_hash":"ab08e8f9ee3c","view":"Analyse","mode":"Vue","duration_ms":0.189,"status":"ok","result_len":159}
{"ts":"2026-09-15T07:13:47.113532+00:00","event":"structure.persisted.reuse","section":"Chanson","audio_hash":"ab08e8f9ee3c","view":"Analyse","mode":"Vue","blocks":10,"measures":102,"threshold":0.66}
{"ts":"2026-09-15T07:13:47.115738+00:00","event":"persistence.load_structure_blocks","section":"Chanson","audio_hash":"ab08e8f9ee3c","view":"Analyse","mode":"Vue","duration_ms":1.746,"status":"ok","result_len":10}
{"ts":"2026-09-15T07:13:47.117900+00:00","event":"persistence.materialiser_structure_blocks","section":"Chanson","audio_hash":"ab08e8f9ee3c","view":"Analyse","mode":"Vue","duration_ms":0.635,"status":"ok","result_len":10}
{"ts":"2026-09-15T07:13:47.120545+00:00","event":"lyrics.visual_envelope","section":"Chanson","audio_hash":"ab08e8f9ee3c","view":"Analyse","mode":"Vue","measure_start":0.18575963718820862,"measure_end":268.98095464852605,"visual_start":0.0,"visual_end":268.98095464852605}
{"ts":"2026-09-15T07:13:47.124720+00:00","event":"persistence.load_lyric_block_edits","section":"Chanson","audio_hash":"ab08e8f9ee3c","view":"Analyse","mode":"Vue","duration_ms":3.105,"status":"ok","result_len":0}
{"ts":"2026-09-15T07:13:47.130571+00:00","event":"persistence.effective_lyrics_words_for_sections","section":"Chanson","audio_hash":"ab08e8f9ee3c","view":"Analyse","mode":"Vue","duration_ms":8.963,"status":"ok","result_len":159}
{"ts":"2026-09-15T07:13:47.138610+00:00","event":"timeline.chord_regions","section":"Chanson","audio_hash":"ab08e8f9ee3c","view":"Analyse","mode":"Vue","duration_ms":0.652,"status":"ok","result_len":108}
{"ts":"2026-09-15T07:13:47.171180+00:00","event":"timeline.waveform_preview_cache","section":"Chanson","audio_hash":"ab08e8f9ee3c","view":"Analyse","mode":"Vue","duration_ms":31.539,"status":"ok","waveform_points":1400}
{"ts":"2026-09-15T07:13:47.171854+00:00","event":"timeline.chord_regions","section":"Chanson","audio_hash":"ab08e8f9ee3c","view":"Analyse","mode":"Vue","duration_ms":0.227,"status":"ok","result_len":108}
{"ts":"2026-09-15T07:13:47.366188+00:00","event":"timeline.render.summary","section":"Chanson","audio_hash":"ab08e8f9ee3c","view":"Analyse","mode":"Vue","beats":405,"regions":108,"waveform_points":1400,"plotly_traces":4}
{"ts":"2026-09-15T07:13:47.367887+00:00","event":"timeline.create_harmonic_timeline","section":"Chanson","audio_hash":"ab08e8f9ee3c","view":"Analyse","mode":"Vue","duration_ms":228.254,"status":"ok","plotly_traces":4}
{"ts":"2026-09-15T07:13:47.384612+00:00","event":"ui.plotly_chart","section":"Chanson","audio_hash":"ab08e8f9ee3c","view":"Analyse","mode":"Vue","duration_ms":15.462,"status":"ok","plotly_traces":4}
{"ts":"2026-09-15T07:13:47.427799+00:00","event":"persistence.list_song_catalog","section":"Chanson","audio_hash":"ab08e8f9ee3c","view":"Analyse","mode":"Vue","duration_ms":2.91,"status":"ok","result_len":4}
{"ts":"2026-09-15T07:13:47.458865+00:00","event":"analysis.player.build_events","section":"Chanson","audio_hash":"ab08e8f9ee3c","view":"Analyse","mode":"Vue","duration_ms":21.219,"status":"ok","beats":405,"program":0}
{"ts":"2026-09-15T07:13:47.473749+00:00","event":"analysis.player.build_vocal_events","section":"Chanson","audio_hash":"ab08e8f9ee3c","view":"Analyse","mode":"Vue","duration_ms":11.137,"status":"ok","notes":204,"program":65}
{"ts":"2026-09-15T07:13:47.797412+00:00","event":"analysis.player.render","section":"Chanson","audio_hash":"ab08e8f9ee3c","view":"Analyse","mode":"Vue","duration_ms":319.655,"status":"ok","chord_events":2431,"vocal_events":409,"audio_bytes":6644333}
{"ts":"2026-09-15T07:13:47.870793+00:00","event":"ui.download_button","section":"Chanson","audio_hash":"ab08e8f9ee3c","view":"Analyse","mode":"Vue","duration_ms":4.427,"status":"ok"}
{"ts":"2026-09-15T07:13:47.878801+00:00","event":"midi.build_midi_file.bridge","section":"Chanson","audio_hash":"ab08e8f9ee3c","view":"Analyse","mode":"Vue","duration_ms":489.391,"bytes":10584}
{"ts":"2026-09-15T07:13:47.898264+00:00","event":"ui.download_button","section":"Chanson","audio_hash":"ab08e8f9ee3c","view":"Analyse","mode":"Vue","duration_ms":3.882,"status":"ok"}
{"ts":"2026-09-15T07:13:47.902975+00:00","event":"transcription.extraire_mots","section":"Chanson","audio_hash":"ab08e8f9ee3c","view":"Analyse","mode":"Vue","duration_ms":0.435,"status":"ok","result_len":159}
{"ts":"2026-09-15T07:13:47.915309+00:00","event":"transcription.construire_timeline_phonetique","section":"Chanson","audio_hash":"ab08e8f9ee3c","view":"Analyse","mode":"Vue","duration_ms":12.612,"status":"ok","result_len":159}
{"ts":"2026-09-15T07:13:47.925434+00:00","event":"transcription.construire_groupes_phonetiques","section":"Chanson","audio_hash":"ab08e8f9ee3c","view":"Analyse","mode":"Vue","duration_ms":1.265,"status":"ok","result_len":145}
{"ts":"2026-09-15T07:13:47.944653+00:00","event":"ui.dataframe","section":"Chanson","audio_hash":"ab08e8f9ee3c","view":"Analyse","mode":"Vue","duration_ms":10.46,"status":"ok","rows":24}
{"ts":"2026-09-15T07:13:48.001768+00:00","event":"persistence.load_measure_edits","section":"Chanson","audio_hash":"ab08e8f9ee3c","view":"Analyse","mode":"Vue","duration_ms":2.59,"status":"ok","result_len":0}
{"ts":"2026-09-15T07:26:59.010559+00:00","event":"rerun.start","section":"Chanson","audio_hash":"ab08e8f9ee3c","view":"Analyse","mode":"Vue"}
{"ts":"2026-09-15T07:26:59.039628+00:00","event":"ui.download_button","section":"Chanson","audio_hash":"ab08e8f9ee3c","view":"Analyse","mode":"Vue","duration_ms":3.072,"status":"ok"}
{"ts":"2026-09-15T07:26:59.056788+00:00","event":"ui.image","section":"Chanson","audio_hash":"ab08e8f9ee3c","view":"Analyse","mode":"Vue","duration_ms":0.612,"status":"ok"}
{"ts":"2026-09-15T07:26:59.105179+00:00","event":"ui.analysis_sidebar.load_latest","section":"Chanson","audio_hash":"ab08e8f9ee3c","view":"Analyse","mode":"Vue","duration_ms":8.086,"status":"ok"}
{"ts":"2026-09-15T07:26:59.105971+00:00","event":"ui.analysis_sidebar.state","section":"Chanson","audio_hash":"ab08e8f9ee3c","view":"Analyse","mode":"Vue","fresh_song":false,"edit_mode":false}
{"ts":"2026-09-15T07:26:59.159515+00:00","event":"persistence.list_song_catalog","section":"Chanson","audio_hash":"ab08e8f9ee3c","view":"Analyse","mode":"Vue","duration_ms":1.82,"status":"ok","result_len":4}
{"ts":"2026-09-15T07:26:59.252751+00:00","event":"persistence.load_measure_edits","section":"Chanson","audio_hash":"ab08e8f9ee3c","view":"Analyse","mode":"Vue","duration_ms":3.723,"status":"ok","result_len":0}
{"ts":"2026-09-15T07:26:59.256730+00:00","event":"persistence.load_lyric_block_edits","section":"Chanson","audio_hash":"ab08e8f9ee3c","view":"Analyse","mode":"Vue","duration_ms":2.786,"status":"ok","result_len":0}
{"ts":"2026-09-15T07:26:59.258829+00:00","event":"persistence.load_structure_blocks","section":"Chanson","audio_hash":"ab08e8f9ee3c","view":"Analyse","mode":"Vue","duration_ms":1.59,"status":"ok","result_len":10}
{"ts":"2026-09-15T07:26:59.607911+00:00","event":"persistence.load_persisted_analysis","section":"Chanson","audio_hash":"ab08e8f9ee3c","view":"Analyse","mode":"Vue","duration_ms":6.607,"status":"ok","result_len":2}
{"ts":"2026-09-15T07:26:59.617077+00:00","event":"persistence.load_latest_persisted_analysis","section":"Chanson","audio_hash":"ab08e8f9ee3c","view":"Analyse","mode":"Vue","duration_ms":8.628,"status":"ok","result_len":5}
{"ts":"2026-09-15T07:26:59.622019+00:00","event":"persistence.load_measure_edits","section":"Chanson","audio_hash":"ab08e8f9ee3c","view":"Analyse","mode":"Vue","duration_ms":1.272,"status":"ok","result_len":0}
{"ts":"2026-09-15T07:26:59.624923+00:00","event":"persistence.load_measure_edits","section":"Chanson","audio_hash":"ab08e8f9ee3c","view":"Analyse","mode":"Vue","duration_ms":1.07,"status":"ok","result_len":0}
{"ts":"2026-09-15T07:26:59.627084+00:00","event":"persistence.load_lyric_block_edits","section":"Chanson","audio_hash":"ab08e8f9ee3c","view":"Analyse","mode":"Vue","duration_ms":1.836,"status":"ok","result_len":0}
{"ts":"2026-09-15T07:26:59.693810+00:00","event":"persistence.load_structure_blocks","section":"Chanson","audio_hash":"ab08e8f9ee3c","view":"Analyse","mode":"Vue","duration_ms":8.913,"status":"ok","result_len":10}
{"ts":"2026-09-15T07:26:59.696903+00:00","event":"transcription.extraire_mots","section":"Chanson","audio_hash":"ab08e8f9ee3c","view":"Analyse","mode":"Vue","duration_ms":1.318,"status":"ok","result_len":159}
{"ts":"2026-09-15T07:26:59.699662+00:00","event":"structure.persisted.reuse","section":"Chanson","audio_hash":"ab08e8f9ee3c","view":"Analyse","mode":"Vue","blocks":10,"measures":102,"threshold":0.66}
{"ts":"2026-09-15T07:26:59.714085+00:00","event":"persistence.load_structure_blocks","section":"Chanson","audio_hash":"ab08e8f9ee3c","view":"Analyse","mode":"Vue","duration_ms":12.369,"status":"ok","result_len":10}
{"ts":"2026-09-15T07:26:59.734119+00:00","event":"persistence.materialiser_structure_blocks","section":"Chanson","audio_hash":"ab08e8f9ee3c","view":"Analyse","mode":"Vue","duration_ms":11.374,"status":"ok","result_len":10}
{"ts":"2026-09-15T07:26:59.746356+00:00","event":"lyrics.visual_envelope","section":"Chanson","audio_hash":"ab08e8f9ee3c","view":"Analyse","mode":"Vue","measure_start":0.18575963718820862,"measure_end":268.98095464852605,"visual_start":0.0,"visual_end":268.98095464852605}
{"ts":"2026-09-15T07:27:00.138443+00:00","event":"persistence.load_lyric_block_edits","section":"Chanson","audio_hash":"ab08e8f9ee3c","view":"Analyse","mode":"Vue","duration_ms":389.133,"status":"ok","result_len":0}
{"ts":"2026-09-15T07:27:00.381591+00:00","event":"persistence.effective_lyrics_words_for_sections","section":"Chanson","audio_hash":"ab08e8f9ee3c","view":"Analyse","mode":"Vue","duration_ms":632.309,"status":"ok","result_len":159}
{"ts":"2026-09-15T07:27:00.428793+00:00","event":"timeline.chord_regions","section":"Chanson","audio_hash":"ab08e8f9ee3c","view":"Analyse","mode":"Vue","duration_ms":1.689,"status":"ok","result_len":108}
{"ts":"2026-09-15T07:27:00.536804+00:00","event":"timeline.waveform_preview_cache","section":"Chanson","audio_hash":"ab08e8f9ee3c","view":"Analyse","mode":"Vue","duration_ms":106.03,"status":"ok","waveform_points":1400}
{"ts":"2026-09-15T07:27:00.552634+00:00","event":"timeline.chord_regions","section":"Chanson","audio_hash":"ab08e8f9ee3c","view":"Analyse","mode":"Vue","duration_ms":1.91,"status":"ok","result_len":108}
{"ts":"2026-09-15T07:27:01.158422+00:00","event":"timeline.render.summary","section":"Chanson","audio_hash":"ab08e8f9ee3c","view":"Analyse","mode":"Vue","beats":405,"regions":108,"waveform_points":1400,"plotly_traces":4}
{"ts":"2026-09-15T07:27:01.159293+00:00","event":"timeline.create_harmonic_timeline","section":"Chanson","audio_hash":"ab08e8f9ee3c","view":"Analyse","mode":"Vue","duration_ms":728.636,"status":"ok","plotly_traces":4}
{"ts":"2026-09-15T07:27:01.187374+00:00","event":"ui.plotly_chart","section":"Chanson","audio_hash":"ab08e8f9ee3c","view":"Analyse","mode":"Vue","duration_ms":27.046,"status":"ok","plotly_traces":4}
{"ts":"2026-09-15T07:27:01.294551+00:00","event":"persistence.list_song_catalog","section":"Chanson","audio_hash":"ab08e8f9ee3c","view":"Analyse","mode":"Vue","duration_ms":4.67,"status":"ok","result_len":4}
{"ts":"2026-09-15T07:27:01.373386+00:00","event":"analysis.player.build_events","section":"Chanson","audio_hash":"ab08e8f9ee3c","view":"Analyse","mode":"Vue","duration_ms":44.099,"status":"ok","beats":405,"program":0}
{"ts":"2026-09-15T07:27:01.402158+00:00","event":"analysis.player.build_vocal_events","section":"Chanson","audio_hash":"ab08e8f9ee3c","view":"Analyse","mode":"Vue","duration_ms":11.919,"status":"ok","notes":204,"program":65}
{"ts":"2026-09-15T07:27:01.679971+00:00","event":"analysis.player.render","section":"Chanson","audio_hash":"ab08e8f9ee3c","view":"Analyse","mode":"Vue","duration_ms":273.968,"status":"ok","chord_events":2431,"vocal_events":409,"audio_bytes":6644333}
{"ts":"2026-09-15T07:27:01.700098+00:00","event":"ui.download_button","section":"Chanson","audio_hash":"ab08e8f9ee3c","view":"Analyse","mode":"Vue","duration_ms":0.75,"status":"ok"}
{"ts":"2026-09-15T07:27:01.702248+00:00","event":"midi.build_midi_file.bridge","section":"Chanson","audio_hash":"ab08e8f9ee3c","view":"Analyse","mode":"Vue","duration_ms":510.648,"bytes":10584}
{"ts":"2026-09-15T07:27:01.707170+00:00","event":"ui.download_button","section":"Chanson","audio_hash":"ab08e8f9ee3c","view":"Analyse","mode":"Vue","duration_ms":1.154,"status":"ok"}
{"ts":"2026-09-15T07:27:01.709346+00:00","event":"transcription.extraire_mots","section":"Chanson","audio_hash":"ab08e8f9ee3c","view":"Analyse","mode":"Vue","duration_ms":0.528,"status":"ok","result_len":159}
{"ts":"2026-09-15T07:27:01.714948+00:00","event":"transcription.construire_timeline_phonetique","section":"Chanson","audio_hash":"ab08e8f9ee3c","view":"Analyse","mode":"Vue","duration_ms":6.005,"status":"ok","result_len":159}
{"ts":"2026-09-15T07:27:01.722498+00:00","event":"transcription.construire_groupes_phonetiques","section":"Chanson","audio_hash":"ab08e8f9ee3c","view":"Analyse","mode":"Vue","duration_ms":0.766,"status":"ok","result_len":145}
{"ts":"2026-09-15T07:27:01.730038+00:00","event":"ui.dataframe","section":"Chanson","audio_hash":"ab08e8f9ee3c","view":"Analyse","mode":"Vue","duration_ms":3.76,"status":"ok","rows":24}
{"ts":"2026-09-15T07:27:01.755073+00:00","event":"persistence.load_measure_edits","section":"Chanson","audio_hash":"ab08e8f9ee3c","view":"Analyse","mode":"Vue","duration_ms":1.79,"status":"ok","result_len":0}
